Workbook
Name Slicer_Status: #N/A
Name Slicer_Vendor: #N/A
Name Slicer_Years: #N/A

Sheet Financial Overview
A1: ACCOUNTS PAYABLE DASHBOARD Reporting Date: 30 July 2025 | U1: KPI | V1: Formula
U2: Total Payable Amount | V2: =SUM(Analysis!G1:G801) -> 2065390.5
U3: Total Outstanding Amount | V3: =SUM(Analysis!J2:J801) -> 669639.14
U8: Outstanding Rate | V8: =V3/V2 -> 0.32421914
U9: DPO | V9: =IFERROR(AVERAGEIFS(Analysis!L2:L801,Analysis!H2:H801,"Paid"),0) -> 30

Sheet Payment Performance
A1: ACCOUNTS PAYABLE DASHBOARD Reporting Date: 30 July 2025 | U1: KPI | V1: Formula
U2: Total Payable Amount | V2: =SUM(Analysis!G1:G801) -> 2065390.5
U3: Total Outstanding Amount | V3: =SUM(Analysis!J2:J801) -> 669639.14
U8: Outstanding Rate | V8: =V3/V2 -> 0.32421914
U9: DPO | V9: =IFERROR(AVERAGEIFS(Analysis!L2:L801,Analysis!H2:H801,"Paid"),0) -> 30

Sheet Pivot Tables
B3: Vendor | C3: Total Invoice Amount | D3: Total Paid Amount | E3: Total Outstanding Amount | G3: Count of Outstanding Invoices | H3: Aging Bucket | M3: Year | N3: Total Invoice Amount | O3: Total Paid Amount | P3: Total Outstanding Amount | R3: Invoice Month | S3: Total Invoice Amount | T3: Total Paid Amount | V3: Invoice Count | W3: Invoice Status | AA3: Vendor | AB3: Avg Overdue Days | AD3: Currency | AE3: Total Outstanding Amount (USD) | AF3: Total Invoice Amount (USD)
B4: BluePrints | C4: 482597.75 | D4: 143243.38 | E4: 145870.6 | G4: Vendor | H4: 1-30 | I4: 31-60 | J4: 61-90 | K4: 90+ | M4: 2023 | N4: 883740.25 | O4: 312998.39 | P4: 240239.87 | R4: Jan 2023 | S4: 50751.98 | T4: 9831.21 | V4: Invoice Date | W4: Open | X4: Paid | Y4: Partial | AA4: Fast Travel | AB4: 287.25899 | AD4: CAD | AE4: 99397.52 | AF4: 280889.18
B5: ABC Supplies | C5: 416980.14 | D5: 119856.74 | E5: 151717.55 | G5: BluePrints | H5: 3 | I5: 5 | J5: 2 | K5: 115 | M5: 2024 | N5: 807803 | O5: 218500.04 | P5: 301256.35 | R5: Feb 2023 | S5: 70146.05 | T5: 23156.8 | V5: 2023 | W5: 93 | X5: 117 | Y5: 114 | AA5: TechMart | AB5: 289.54777 | AD5: AUD | AE5: 87917.81 | AF5: 340277.88
B6: Global Office | C6: 404254.3 | D6: 137555.2 | E6: 129187.87 | G6: Global Office | H6: 4 | I6: 5 | J6: 1 | K6: 100 | M6: 2025 | N6: 373847.28 | O6: 120688.8 | P6: 128142.92 | R6: Mar 2023 | S6: 95504.77 | T6: 30014.77 | V6: 2024 | W6: 123 | X6: 94 | Y6: 108 | AA6: Global Office | AB6: 301.28485 | AD6: EUR | AE6: 129863.13 | AF6: 401129.52
B7: TechMart | C7: 381739.69 | D7: 116472.77 | E7: 124440.23 | G7: ABC Supplies | H7: 5 | J7: 7 | K7: 98 | R7: Apr 2023 | S7: 38272.16 | T7: 15663.53 | V7: 2025 | W7: 51 | X7: 46 | Y7: 54 | AA7: BluePrints | AB7: 309.13736 | AD7: USD | AE7: 142766.69 | AF7: 429911.86
B8: Fast Travel | C8: 379818.65 | D8: 135059.14 | E8: 118422.89 | G8: TechMart | H8: 7 | I8: 3 | J8: 5 | K8: 93 | R8: May 2023 | S8: 90959.29 | T8: 30566.21 | AA8: ABC Supplies | AB8: 325.86624 | AD8: GBP | AE8: 209693.99 | AF8: 613182.09
G9: Fast Travel | H9: 2 | I9: 3 | J9: 5 | K9: 78 | R9: Jun 2023 | S9: 80925.05 | T9: 25616.77 | AA9: Grand Total | AB9: 303.155
R10: Jul 2023 | S10: 75158.73 | T10: 19646.23
R11: Aug 2023 | S11: 77060.44 | T11: 34691.47
R12: Sep 2023 | S12: 65525.11 | T12: 28480.9
R13: Oct 2023 | S13: 57424.7 | T13: 30990.59
R14: Nov 2023 | S14: 75046.4 | T14: 40187.67
R15: Dec 2023 | S15: 106965.57 | T15: 24152.24
R16: Jan 2024 | S16: 72194.02 | T16: 19268.36
R17: Feb 2024 | S17: 51605.53 | T17: 16902.19
R18: Mar 2024 | S18: 57985.35 | T18: 23778.56
R19: Apr 2024 | S19: 87390.35 | T19: 15071.73
R20: May 2024 | S20: 69819.44 | T20: 19885.37
R21: Jun 2024 | S21: 94852.23 | T21: 40788.83
... R33: Jun 2025 | S33: 67192.66 | T33: 20006.05

Sheet Analysis
A1: APID | B1: Vendor | C1: InvoiceDate | D1: InvoiceMonth | E1: DueDate | F1: Currency | G1: Invoice Amount (USD) | H1: Status | I1: Paid Amount (USD) | J1: Outstanding Amount (USD) | K1: PaidDate | L1: Payment day | M1: PaidMonth | N1: Terms | O1: Reference Date | P1: Overdue Days | Q1: Aging | R1: Overdue Status
A2: AP10000 | B2: BluePrints | C2: 45642 | D2: =TEXT(C2,"MMM YYYY") -> Dec 2024 | E2: 45672 | F2: EUR | G2: 400.84 | H2: Open | I2: =IF(H2="Paid",G2,0) -> 0 | J2: =IF(H2="Open",G2,IF(H2="Paid",0,K3/"A")) -> 400.84 | L2: =IF(H2="Paid",K2-C2,"") | M2: =IF(K2="","",TEXT(K2, "YYYY-MMM")) | N2: Net 30 | O2: =MAX(MAX($C$2:$C$801), MAX($E$2:$E$801)) -> 45868 | P2: =IF(K2="", O2-E2,0) -> 196 | Q2: =IF(H2="Paid","Paid", IF(P2<=0,"Current", IF(P2<=30,"1-30", IF(P2<=60,"31-60", IF(P2<=90,"61-90","90+"))))) -> 90+ | R2: =IF(P2=0, "Not Due","Due") -> Due
A3: AP10001 | B3: BluePrints | C3: 45430 | D3: =TEXT(C3,"MMM YYYY") -> May 2024 | E3: 45460 | F3: CAD | G3: 2381.43 | H3: Partial | I3: =IF(H3="Paid",G3,0) -> 0 | J3: =IF(H3="Open",G3,IF(H3="Paid",0,"N/A")) -> N/A | L3: =IF(H3="Paid",K3-C3,"") | M3: =IF(K3="","",TEXT(K3, "YYYY-MMM")) | N3: Net 30 | O3: =MAX(MAX($C$2:$C$801), MAX($E$2:$E$801)) -> 45868 | P3: =IF(K3="", O3-E3,0) -> 408 | Q3: =IF(H3="Paid","Paid", IF(P3<=0,"Current", IF(P3<=30,"1-30", IF(P3<=60,"31-60", IF(P3<=90,"61-90","90+"))))) -> 90+ | R3: =IF(P3=0, "Not Due","Due") -> Due
A4: AP10002 | B4: Fast Travel | C4: 45347 | D4: =TEXT(C4,"MMM YYYY") -> Feb 2024 | E4: 45377 | F4: GBP | G4: 1390.64 | H4: Open | I4: =IF(H4="Paid",G4,0) -> 0 | J4: =IF(H4="Open",G4,IF(H4="Paid",0,"N/A")) -> 1390.64 | L4: =IF(H4="Paid",K4-C4,"") | M4: =IF(K4="","",TEXT(K4, "YYYY-MMM")) | N4: Net 30 | O4: =MAX(MAX($C$2:$C$801), MAX($E$2:$E$801)) -> 45868 | P4: =IF(K4="", O4-E4,0) -> 491 | Q4: =IF(H4="Paid","Paid", IF(P4<=0,"Current", IF(P4<=30,"1-30", IF(P4<=60,"31-60", IF(P4<=90,"61-90","90+"))))) -> 90+ | R4: =IF(P4=0, "Not Due","Due") -> Due
A5: AP10003 | B5: ABC Supplies | C5: 45299 | D5: =TEXT(C5,"MMM YYYY") -> Jan 2024 | E5: 45329 | F5: USD | G5: 4433.05 | H5: Partial | I5: =IF(H5="Paid",G5,0) -> 0 | J5: =IF(H5="Open",G5,IF(H5="Paid",0,"N/A")) -> N/A | L5: =IF(H5="Paid",K5-C5,"") | M5: =IF(K5="","",TEXT(K5, "YYYY-MMM")) | N5: Net 30 | O5: =MAX(MAX($C$2:$C$801), MAX($E$2:$E$801)) -> 45868 | P5: =IF(K5="", O5-E5,0) -> 539 | Q5: =IF(H5="Paid","Paid", IF(P5<=0,"Current", IF(P5<=30,"1-30", IF(P5<=60,"31-60", IF(P5<=90,"61-90","90+"))))) -> 90+ | R5: =IF(P5=0, "Not Due","Due") -> Due
A6: AP10004 | B6: ABC Supplies | C6: 45435 | D6: =TEXT(C6,"MMM YYYY") -> May 2024 | E6: 45465 | F6: GBP | G6: 5904.18 | H6: Partial | I6: =IF(H6="Paid",G6,0) -> 0 | J6: =IF(H6="Open",G6,IF(H6="Paid",0,"N/A")) -> N/A | L6: =IF(H6="Paid",K6-C6,"") | M6: =IF(K6="","",TEXT(K6, "YYYY-MMM")) | N6: Net 30 | O6: =MAX(MAX($C$2:$C$801), MAX($E$2:$E$801)) -> 45868 | P6: =IF(K6="", O6-E6,0) -> 403 | Q6: =IF(H6="Paid","Paid", IF(P6<=0,"Current", IF(P6<=30,"1-30", IF(P6<=60,"31-60", IF(P6<=90,"61-90","90+"))))) -> 90+ | R6: =IF(P6=0, "Not Due","Due") -> Due | U6: Currencies | V6: Exchange Rate
A7: AP10005 | B7: Fast Travel | C7: 45482 | D7: =TEXT(C7,"MMM YYYY") -> Jul 2024 | E7: 45512 | F7: AUD | G7: 1150.93 | H7: Open | I7: =IF(H7="Paid",G7,0) -> 0 | J7: =IF(H7="Open",G7,IF(H7="Paid",0,"N/A")) -> 1150.93 | L7: =IF(H7="Paid",K7-C7,"") | M7: =IF(K7="","",TEXT(K7, "YYYY-MMM")) | N7: Net 30 | O7: =MAX(MAX($C$2:$C$801), MAX($E$2:$E$801)) -> 45868 | P7: =IF(K7="", O7-E7,0) -> 356 | Q7: =IF(H7="Paid","Paid", IF(P7<=0,"Current", IF(P7<=30,"1-30", IF(P7<=60,"31-60", IF(P7<=90,"61-90","90+"))))) -> 90+ | R7: =IF(P7=0, "Not Due","Due") -> Due | U7: EUR/USD | V7: 1.16
A8: AP10006 | B8: BluePrints | C8: 45646 | D8: =TEXT(C8,"MMM YYYY") -> Dec 2024 | E8: 45676 | F8: USD | G8: 894.13 | H8: Open | I8: =IF(H8="Paid",G8,0) -> 0 | J8: =IF(H8="Open",G8,IF(H8="Paid",0,"N/A")) -> 894.13 | L8: =IF(H8="Paid",K8-C8,"") | M8: =IF(K8="","",TEXT(K8, "YYYY-MMM")) | N8: Net 30 | O8: =MAX(MAX($C$2:$C$801), MAX($E$2:$E$801)) -> 45868 | P8: =IF(K8="", O8-E8,0) -> 192 | Q8: =IF(H8="Paid","Paid", IF(P8<=0,"Current", IF(P8<=30,"1-30", IF(P8<=60,"31-60", IF(P8<=90,"61-90","90+"))))) -> 90+ | R8: =IF(P8=0, "Not Due","Due") -> Due | U8: CAD/USD | V8: 0.72
A9: AP10007 | B9: Fast Travel | C9: 45560 | D9: =TEXT(C9,"MMM YYYY") -> Sep 2024 | E9: 45590 | F9: GBP | G9: 1770.6 | H9: Paid | I9: =IF(H9="Paid",G9,0) -> 1770.6 | J9: =IF(H9="Open",G9,IF(H9="Paid",0,"N/A")) -> 0 | K9: 45590 | L9: =IF(H9="Paid",K9-C9,"") -> 30 | M9: =IF(K9="","",TEXT(K9, "YYYY-MMM")) -> 2024-Oct | N9: Net 30 | O9: =MAX(MAX($C$2:$C$801), MAX($E$2:$E$801)) -> 45868 | P9: =IF(K9="", O9-E9,0) -> 0 | Q9: =IF(H9="Paid","Paid", IF(P9<=0,"Current", IF(P9<=30,"1-30", IF(P9<=60,"31-60", IF(P9<=90,"61-90","90+"))))) -> Paid | R9: =IF(P9=0, "Not Due","Due") -> Not Due | U9: GBP/USD | V9: 1.36
A10: AP10008 | B10: ABC Supplies | C10: 45334 | D10: =TEXT(C10,"MMM YYYY") -> Feb 2024 | E10: 45364 | F10: CAD | G10: 2513.86 | H10: Paid | I10: =IF(H10="Paid",G10,0) -> 2513.86 | J10: =IF(H10="Open",G10,IF(H10="Paid",0,"N/A")) -> 0 | K10: 45364 | L10: =IF(H10="Paid",K10-C10,"") -> 30 | M10: =IF(K10="","",TEXT(K10, "YYYY-MMM")) -> 2024-Mar | N10: Net 30 | O10: =MAX(MAX($C$2:$C$801), MAX($E$2:$E$801)) -> 45868 | P10: =IF(K10="", O10-E10,0) -> 0 | Q10: =IF(H10="Paid","Paid", IF(P10<=0,"Current", IF(P10<=30,"1-30", IF(P10<=60,"31-60", IF(P10<=90,"61-90","90+"))))) -> Paid | R10: =IF(P10=0, "Not Due","Due") -> Not Due | U10: AUD/USD | V10: 0.72
A11: AP10009 | B11: ABC Supplies | C11: 45470 | D11: =TEXT(C11,"MMM YYYY") -> Jun 2024 | E11: 45500 | F11: USD | G11: 217.97 | H11: Open | I11: =IF(H11="Paid",G11,0) -> 0 | J11: =IF(H11="Open",G11,IF(H11="Paid",0,"N/A")) -> 217.97 | L11: =IF(H11="Paid",K11-C11,"") | M11: =IF(K11="","",TEXT(K11, "YYYY-MMM")) | N11: Net 30 | O11: =MAX(MAX($C$2:$C$801), MAX($E$2:$E$801)) -> 45868 | P11: =IF(K11="", O11-E11,0) -> 368 | Q11: =IF(H11="Paid","Paid", IF(P11<=0,"Current", IF(P11<=30,"1-30", IF(P11<=60,"31-60", IF(P11<=90,"61-90","90+"))))) -> 90+ | R11: =IF(P11=0, "Not Due","Due") -> Due
A12: AP10010 | B12: BluePrints | C12: 45360 | D12: =TEXT(C12,"MMM YYYY") -> Mar 2024 | E12: 45390 | F12: EUR | G12: 2106.48 | H12: Partial | I12: =IF(H12="Paid",G12,0) -> 0 | J12: =IF(H12="Open",G12,IF(H12="Paid",0,"N/A")) -> N/A | L12: =IF(H12="Paid",K12-C12,"") | M12: =IF(K12="","",TEXT(K12, "YYYY-MMM")) | N12: Net 30 | O12: =MAX(MAX($C$2:$C$801), MAX($E$2:$E$801)) -> 45868 | P12: =IF(K12="", O12-E12,0) -> 478 | Q12: =IF(H12="Paid","Paid", IF(P12<=0,"Current", IF(P12<=30,"1-30", IF(P12<=60,"31-60", IF(P12<=90,"61-90","90+"))))) -> 90+ | R12: =IF(P12=0, "Not Due","Due") -> Due
A13: AP10011 | B13: BluePrints | C13: 45575 | D13: =TEXT(C13,"MMM YYYY") -> Oct 2024 | E13: 45605 | F13: USD | G13: 884.1 | H13: Open | I13: =IF(H13="Paid",G13,0) -> 0 | J13: =IF(H13="Open",G13,IF(H13="Paid",0,"N/A")) -> 884.1 | L13: =IF(H13="Paid",K13-C13,"") | M13: =IF(K13="","",TEXT(K13, "YYYY-MMM")) | N13: Net 30 | O13: =MAX(MAX($C$2:$C$801), MAX($E$2:$E$801)) -> 45868 | P13: =IF(K13="", O13-E13,0) -> 263 | Q13: =IF(H13="Paid","Paid", IF(P13<=0,"Current", IF(P13<=30,"1-30", IF(P13<=60,"31-60", IF(P13<=90,"61-90","90+"))))) -> 90+ | R13: =IF(P13=0, "Not Due","Due") -> Due
A14: AP10012 | B14: ABC Supplies | C14: 45065 | D14: =TEXT(C14,"MMM YYYY") -> May 2023 | E14: 45095 | F14: GBP | G14: 2026.92 | H14: Open | I14: =IF(H14="Paid",G14,0) -> 0 | J14: =IF(H14="Open",G14,IF(H14="Paid",0,"N/A")) -> 2026.92 | L14: =IF(H14="Paid",K14-C14,"") | M14: =IF(K14="","",TEXT(K14, "YYYY-MMM")) | N14: Net 30 | O14: =MAX(MAX($C$2:$C$801), MAX($E$2:$E$801)) -> 45868 | P14: =IF(K14="", O14-E14,0) -> 773 | Q14: =IF(H14="Paid","Paid", IF(P14<=0,"Current", IF(P14<=30,"1-30", IF(P14<=60,"31-60", IF(P14<=90,"61-90","90+"))))) -> 90+ | R14: =IF(P14=0, "Not Due","Due") -> Due
A15: AP10013 | B15: ABC Supplies | C15: 45249 | D15: =TEXT(C15,"MMM YYYY") -> Nov 2023 | E15: 45279 | F15: AUD | G15: 3031.5 | H15: Paid | I15: =IF(H15="Paid",G15,0) -> 3031.5 | J15: =IF(H15="Open",G15,IF(H15="Paid",0,"N/A")) -> 0 | K15: 45279 | L15: =IF(H15="Paid",K15-C15,"") -> 30 | M15: =IF(K15="","",TEXT(K15, "YYYY-MMM")) -> 2023-Dec | N15: Net 30 | O15: =MAX(MAX($C$2:$C$801), MAX($E$2:$E$801)) -> 45868 | P15: =IF(K15="", O15-E15,0) -> 0 | Q15: =IF(H15="Paid","Paid", IF(P15<=0,"Current", IF(P15<=30,"1-30", IF(P15<=60,"31-60", IF(P15<=90,"61-90","90+"))))) -> Paid | R15: =IF(P15=0, "Not Due","Due") -> Not Due
A16: AP10014 | B16: BluePrints | C16: 45417 | D16: =TEXT(C16,"MMM YYYY") -> May 2024 | E16: 45447 | F16: GBP | G16: 2218.68 | H16: Open | I16: =IF(H16="Paid",G16,0) -> 0 | J16: =IF(H16="Open",G16,IF(H16="Paid",0,"N/A")) -> 2218.68 | L16: =IF(H16="Paid",K16-C16,"") | M16: =IF(K16="","",TEXT(K16, "YYYY-MMM")) | N16: Net 30 | O16: =MAX(MAX($C$2:$C$801), MAX($E$2:$E$801)) -> 45868 | P16: =IF(K16="", O16-E16,0) -> 421 | Q16: =IF(H16="Paid","Paid", IF(P16<=0,"Current", IF(P16<=30,"1-30", IF(P16<=60,"31-60", IF(P16<=90,"61-90","90+"))))) -> 90+ | R16: =IF(P16=0, "Not Due","Due") -> Due
A17: AP10015 | B17: BluePrints | C17: 45081 | D17: =TEXT(C17,"MMM YYYY") -> Jun 2023 | E17: 45111 | F17: EUR | G17: 2198 | H17: Paid | I17: =IF(H17="Paid",G17,0) -> 2198 | J17: =IF(H17="Open",G17,IF(H17="Paid",0,"N/A")) -> 0 | K17: 45111 | L17: =IF(H17="Paid",K17-C17,"") -> 30 | M17: =IF(K17="","",TEXT(K17, "YYYY-MMM")) -> 2023-Jul | N17: Net 30 | O17: =MAX(MAX($C$2:$C$801), MAX($E$2:$E$801)) -> 45868 | P17: =IF(K17="", O17-E17,0) -> 0 | Q17: =IF(H17="Paid","Paid", IF(P17<=0,"Current", IF(P17<=30,"1-30", IF(P17<=60,"31-60", IF(P17<=90,"61-90","90+"))))) -> Paid | R17: =IF(P17=0, "Not Due","Due") -> Not Due
A18: AP10016 | B18: BluePrints | C18: 45270 | D18: =TEXT(C18,"MMM YYYY") -> Dec 2023 | E18: 45300 | F18: GBP | G18: 2339.05 | H18: Open | I18: =IF(H18="Paid",G18,0) -> 0 | J18: =IF(H18="Open",G18,IF(H18="Paid",0,"N/A")) -> 2339.05 | L18: =IF(H18="Paid",K18-C18,"") | M18: =IF(K18="","",TEXT(K18, "YYYY-MMM")) | N18: Net 30 | O18: =MAX(MAX($C$2:$C$801), MAX($E$2:$E$801)) -> 45868 | P18: =IF(K18="", O18-E18,0) -> 568 | Q18: =IF(H18="Paid","Paid", IF(P18<=0,"Current", IF(P18<=30,"1-30", IF(P18<=60,"31-60", IF(P18<=90,"61-90","90+"))))) -> 90+ | R18: =IF(P18=0, "Not Due","Due") -> Due
A19: AP10017 | B19: Global Office | C19: 45656 | D19: =TEXT(C19,"MMM YYYY") -> Dec 2024 | E19: 45686 | F19: USD | G19: 2941.63 | H19: Open | I19: =IF(H19="Paid",G19,0) -> 0 | J19: =IF(H19="Open",G19,IF(H19="Paid",0,"N/A")) -> 2941.63 | L19: =IF(H19="Paid",K19-C19,"") | M19: =IF(K19="","",TEXT(K19, "YYYY-MMM")) | N19: Net 30 | O19: =MAX(MAX($C$2:$C$801), MAX($E$2:$E$801)) -> 45868 | P19: =IF(K19="", O19-E19,0) -> 182 | Q19: =IF(H19="Paid","Paid", IF(P19<=0,"Current", IF(P19<=30,"1-30", IF(P19<=60,"31-60", IF(P19<=90,"61-90","90+"))))) -> 90+ | R19: =IF(P19=0, "Not Due","Due") -> Due
A20: AP10018 | B20: Fast Travel | C20: 45470 | D20: =TEXT(C20,"MMM YYYY") -> Jun 2024 | E20: 45500 | F20: USD | G20: 889.44 | H20: Paid | I20: =IF(H20="Paid",G20,0) -> 889.44 | J20: =IF(H20="Open",G20,IF(H20="Paid",0,"N/A")) -> 0 | K20: 45500 | L20: =IF(H20="Paid",K20-C20,"") -> 30 | M20: =IF(K20="","",TEXT(K20, "YYYY-MMM")) -> 2024-Jul | N20: Net 30 | O20: =MAX(MAX($C$2:$C$801), MAX($E$2:$E$801)) -> 45868 | P20: =IF(K20="", O20-E20,0) -> 0 | Q20: =IF(H20="Paid","Paid", IF(P20<=0,"Current", IF(P20<=30,"1-30", IF(P20<=60,"31-60", IF(P20<=90,"61-90","90+"))))) -> Paid | R20: =IF(P20=0, "Not Due","Due") -> Not Due
A21: AP10019 | B21: Fast Travel | C21: 45744 | D21: =TEXT(C21,"MMM YYYY") -> Mar 2025 | E21: 45774 | F21: AUD | G21: 1108 | H21: Partial | I21: =IF(H21="Paid",G21,0) -> 0 | J21: =IF(H21="Open",G21,IF(H21="Paid",0,"N/A")) -> N/A | L21: =IF(H21="Paid",K21-C21,"") | M21: =IF(K21="","",TEXT(K21, "YYYY-MMM")) | N21: Net 30 | O21: =MAX(MAX($C$2:$C$801), MAX($E$2:$E$801)) -> 45868 | P21: =IF(K21="", O21-E21,0) -> 94 | Q21: =IF(H21="Paid","Paid", IF(P21<=0,"Current", IF(P21<=30,"1-30", IF(P21<=60,"31-60", IF(P21<=90,"61-90","90+"))))) -> 90+ | R21: =IF(P21=0, "Not Due","Due") -> Due
A22: AP10020 | B22: TechMart | C22: 45121 | D22: =TEXT(C22,"MMM YYYY") -> Jul 2023 | E22: 45151 | F22: AUD | G22: 717.02 | H22: Open | I22: =IF(H22="Paid",G22,0) -> 0 | J22: =IF(H22="Open",G22,IF(H22="Paid",0,"N/A")) -> 717.02 | L22: =IF(H22="Paid",K22-C22,"") | M22: =IF(K22="","",TEXT(K22, "YYYY-MMM")) | N22: Net 30 | O22: =MAX(MAX($C$2:$C$801), MAX($E$2:$E$801)) -> 45868 | P22: =IF(K22="", O22-E22,0) -> 717 | Q22: =IF(H22="Paid","Paid", IF(P22<=0,"Current", IF(P22<=30,"1-30", IF(P22<=60,"31-60", IF(P22<=90,"61-90","90+"))))) -> 90+ | R22: =IF(P22=0, "Not Due","Due") -> Due
A23: AP10021 | B23: TechMart | C23: 45105 | D23: =TEXT(C23,"MMM YYYY") -> Jun 2023 | E23: 45135 | F23: CAD | G23: 1768.97 | H23: Partial | I23: =IF(H23="Paid",G23,0) -> 0 | J23: =IF(H23="Open",G23,IF(H23="Paid",0,"N/A")) -> N/A | L23: =IF(H23="Paid",K23-C23,"") | M23: =IF(K23="","",TEXT(K23, "YYYY-MMM")) | N23: Net 30 | O23: =MAX(MAX($C$2:$C$801), MAX($E$2:$E$801)) -> 45868 | P23: =IF(K23="", O23-E23,0) -> 733 | Q23: =IF(H23="Paid","Paid", IF(P23<=0,"Current", IF(P23<=30,"1-30", IF(P23<=60,"31-60", IF(P23<=90,"61-90","90+"))))) -> 90+ | R23: =IF(P23=0, "Not Due","Due") -> Due
A24: AP10022 | B24: Global Office | C24: 45653 | D24: =TEXT(C24,"MMM YYYY") -> Dec 2024 | E24: 45683 | F24: CAD | G24: 576.01 | H24: Open | I24: =IF(H24="Paid",G24,0) -> 0 | J24: =IF(H24="Open",G24,IF(H24="Paid",0,"N/A")) -> 576.01 | L24: =IF(H24="Paid",K24-C24,"") | M24: =IF(K24="","",TEXT(K24, "YYYY-MMM")) | N24: Net 30 | O24: =MAX(MAX($C$2:$C$801), MAX($E$2:$E$801)) -> 45868 | P24: =IF(K24="", O24-E24,0) -> 185 | Q24: =IF(H24="Paid","Paid", IF(P24<=0,"Current", IF(P24<=30,"1-30", IF(P24<=60,"31-60", IF(P24<=90,"61-90","90+"))))) -> 90+ | R24: =IF(P24=0, "Not Due","Due") -> Due
A25: AP10023 | B25: BluePrints | C25: 45062 | D25: =TEXT(C25,"MMM YYYY") -> May 2023 | E25: 45092 | F25: GBP | G25: 5758.12 | H25: Partial | I25: =IF(H25="Paid",G25,0) -> 0 | J25: =IF(H25="Open",G25,IF(H25="Paid",0,"N/A")) -> N/A | L25: =IF(H25="Paid",K25-C25,"") | M25: =IF(K25="","",TEXT(K25, "YYYY-MMM")) | N25: Net 30 | O25: =MAX(MAX($C$2:$C$801), MAX($E$2:$E$801)) -> 45868 | P25: =IF(K25="", O25-E25,0) -> 776 | Q25: =IF(H25="Paid","Paid", IF(P25<=0,"Current", IF(P25<=30,"1-30", IF(P25<=60,"31-60", IF(P25<=90,"61-90","90+"))))) -> 90+ | R25: =IF(P25=0, "Not Due","Due") -> Due
A26: AP10024 | B26: Global Office | C26: 45199 | D26: =TEXT(C26,"MMM YYYY") -> Sep 2023 | E26: 45229 | F26: AUD | G26: 478.64 | H26: Open | I26: =IF(H26="Paid",G26,0) -> 0 | J26: =IF(H26="Open",G26,IF(H26="Paid",0,"N/A")) -> 478.64 | L26: =IF(H26="Paid",K26-C26,"") | M26: =IF(K26="","",TEXT(K26, "YYYY-MMM")) | N26: Net 30 | O26: =MAX(MAX($C$2:$C$801), MAX($E$2:$E$801)) -> 45868 | P26: =IF(K26="", O26-E26,0) -> 639 | Q26: =IF(H26="Paid","Paid", IF(P26<=0,"Current", IF(P26<=30,"1-30", IF(P26<=60,"31-60", IF(P26<=90,"61-90","90+"))))) -> 90+ | R26: =IF(P26=0, "Not Due","Due") -> Due
A27: AP10025 | B27: Global Office | C27: 45640 | D27: =TEXT(C27,"MMM YYYY") -> Dec 2024 | E27: 45670 | F27: GBP | G27: 5230.24 | H27: Partial | I27: =IF(H27="Paid",G27,0) -> 0 | J27: =IF(H27="Open",G27,IF(H27="Paid",0,"N/A")) -> N/A | L27: =IF(H27="Paid",K27-C27,"") | M27: =IF(K27="","",TEXT(K27, "YYYY-MMM")) | N27: Net 30 | O27: =MAX(MAX($C$2:$C$801), MAX($E$2:$E$801)) -> 45868 | P27: =IF(K27="", O27-E27,0) -> 198 | Q27: =IF(H27="Paid","Paid", IF(P27<=0,"Current", IF(P27<=30,"1-30", IF(P27<=60,"31-60", IF(P27<=90,"61-90","90+"))))) -> 90+ | R27: =IF(P27=0, "Not Due","Due") -> Due
A28: AP10026 | B28: BluePrints | C28: 45124 | D28: =TEXT(C28,"MMM YYYY") -> Jul 2023 | E28: 45154 | F28: CAD | G28: 3185.38 | H28: Paid | I28: =IF(H28="Paid",G28,0) -> 3185.38 | J28: =IF(H28="Open",G28,IF(H28="Paid",0,"N/A")) -> 0 | K28: 45154 | L28: =IF(H28="Paid",K28-C28,"") -> 30 | M28: =IF(K28="","",TEXT(K28, "YYYY-MMM")) -> 2023-Aug | N28: Net 30 | O28: =MAX(MAX($C$2:$C$801), MAX($E$2:$E$801)) -> 45868 | P28: =IF(K28="", O28-E28,0) -> 0 | Q28: =IF(H28="Paid","Paid", IF(P28<=0,"Current", IF(P28<=30,"1-30", IF(P28<=60,"31-60", IF(P28<=90,"61-90","90+"))))) -> Paid | R28: =IF(P28=0, "Not Due","Due") -> Not Due
A29: AP10027 | B29: Fast Travel | C29: 45376 | D29: =TEXT(C29,"MMM YYYY") -> Mar 2024 | E29: 45406 | F29: USD | G29: 296.65 | H29: Paid | I29: =IF(H29="Paid",G29,0) -> 296.65 | J29: =IF(H29="Open",G29,IF(H29="Paid",0,"N/A")) -> 0 | K29: 45406 | L29: =IF(H29="Paid",K29-C29,"") -> 30 | M29: =IF(K29="","",TEXT(K29, "YYYY-MMM")) -> 2024-Apr | N29: Net 30 | O29: =MAX(MAX($C$2:$C$801), MAX($E$2:$E$801)) -> 45868 | P29: =IF(K29="", O29-E29,0) -> 0 | Q29: =IF(H29="Paid","Paid", IF(P29<=0,"Current", IF(P29<=30,"1-30", IF(P29<=60,"31-60", IF(P29<=90,"61-90","90+"))))) -> Paid | R29: =IF(P29=0, "Not Due","Due") -> Not Due
A30: AP10028 | B30: TechMart | C30: 45593 | D30: =TEXT(C30,"MMM YYYY") -> Oct 2024 | E30: 45623 | F30: GBP | G30: 4212.01 | H30: Open | I30: =IF(H30="Paid",G30,0) -> 0 | J30: =IF(H30="Open",G30,IF(H30="Paid",0,"N/A")) -> 4212.01 | L30: =IF(H30="Paid",K30-C30,"") | M30: =IF(K30="","",TEXT(K30, "YYYY-MMM")) | N30: Net 30 | O30: =MAX(MAX($C$2:$C$801), MAX($E$2:$E$801)) -> 45868 | P30: =IF(K30="", O30-E30,0) -> 245 | Q30: =IF(H30="Paid","Paid", IF(P30<=0,"Current", IF(P30<=30,"1-30", IF(P30<=60,"31-60", IF(P30<=90,"61-90","90+"))))) -> 90+ | R30: =IF(P30=0, "Not Due","Due") -> Due
A31: AP10029 | B31: Global Office | C31: 44991 | D31: =TEXT(C31,"MMM YYYY") -> Mar 2023 | E31: 45021 | F31: CAD | G31: 2893.26 | H31: Open | I31: =IF(H31="Paid",G31,0) -> 0 | J31: =IF(H31="Open",G31,IF(H31="Paid",0,"N/A")) -> 2893.26 | L31: =IF(H31="Paid",K31-C31,"") | M31: =IF(K31="","",TEXT(K31, "YYYY-MMM")) | N31: Net 30 | O31: =MAX(MAX($C$2:$C$801), MAX($E$2:$E$801)) -> 45868 | P31: =IF(K31="", O31-E31,0) -> 847 | Q31: =IF(H31="Paid","Paid", IF(P31<=0,"Current", IF(P31<=30,"1-30", IF(P31<=60,"31-60", IF(P31<=90,"61-90","90+"))))) -> 90+ | R31: =IF(P31=0, "Not Due","Due") -> Due
A32: AP10030 | B32: Fast Travel | C32: 45335 | D32: =TEXT(C32,"MMM YYYY") -> Feb 2024 | E32: 45365 | F32: CAD | G32: 2082.48 | H32: Partial | I32: =IF(H32="Paid",G32,0) -> 0 | J32: =IF(H32="Open",G32,IF(H32="Paid",0,"N/A")) -> N/A | L32: =IF(H32="Paid",K32-C32,"") | M32: =IF(K32="","",TEXT(K32, "YYYY-MMM")) | N32: Net 30 | O32: =MAX(MAX($C$2:$C$801), MAX($E$2:$E$801)) -> 45868 | P32: =IF(K32="", O32-E32,0) -> 503 | Q32: =IF(H32="Paid","Paid", IF(P32<=0,"Current", IF(P32<=30,"1-30", IF(P32<=60,"31-60", IF(P32<=90,"61-90","90+"))))) -> 90+ | R32: =IF(P32=0, "Not Due","Due") -> Due
A33: AP10031 | B33: Fast Travel | C33: 45000 | D33: =TEXT(C33,"MMM YYYY") -> Mar 2023 | E33: 45030 | F33: EUR | G33: 5624.33 | H33: Paid | I33: =IF(H33="Paid",G33,0) -> 5624.33 | J33: =IF(H33="Open",G33,IF(H33="Paid",0,"N/A")) -> 0 | K33: 45030 | L33: =IF(H33="Paid",K33-C33,"") -> 30 | M33: =IF(K33="","",TEXT(K33, "YYYY-MMM")) -> 2023-Apr | N33: Net 30 | O33: =MAX(MAX($C$2:$C$801), MAX($E$2:$E$801)) -> 45868 | P33: =IF(K33="", O33-E33,0) -> 0 | Q33: =IF(H33="Paid","Paid", IF(P33<=0,"Current", IF(P33<=30,"1-30", IF(P33<=60,"31-60", IF(P33<=90,"61-90","90+"))))) -> Paid | R33: =IF(P33=0, "Not Due","Due") -> Not Due
A34: AP10032 | B34: Global Office | C34: 45210 | D34: =TEXT(C34,"MMM YYYY") -> Oct 2023 | E34: 45240 | F34: USD | G34: 4841.22 | H34: Paid | I34: =IF(H34="Paid",G34,0) -> 4841.22 | J34: =IF(H34="Open",G34,IF(H34="Paid",0,"N/A")) -> 0 | K34: 45240 | L34: =IF(H34="Paid",K34-C34,"") -> 30 | M34: =IF(K34="","",TEXT(K34, "YYYY-MMM")) -> 2023-Nov | N34: Net 30 | O34: =MAX(MAX($C$2:$C$801), MAX($E$2:$E$801)) -> 45868 | P34: =IF(K34="", O34-E34,0) -> 0 | Q34: =IF(H34="Paid","Paid", IF(P34<=0,"Current", IF(P34<=30,"1-30", IF(P34<=60,"31-60", IF(P34<=90,"61-90","90+"))))) -> Paid | R34: =IF(P34=0, "Not Due","Due") -> Not Due
A35: AP10033 | B35: ABC Supplies | C35: 45598 | D35: =TEXT(C35,"MMM YYYY") -> Nov 2024 | E35: 45628 | F35: AUD | G35: 2591.76 | H35: Open | I35: =IF(H35="Paid",G35,0) -> 0 | J35: =IF(H35="Open",G35,IF(H35="Paid",0,"N/A")) -> 2591.76 | L35: =IF(H35="Paid",K35-C35,"") | M35: =IF(K35="","",TEXT(K35, "YYYY-MMM")) | N35: Net 30 | O35: =MAX(MAX($C$2:$C$801), MAX($E$2:$E$801)) -> 45868 | P35: =IF(K35="", O35-E35,0) -> 240 | Q35: =IF(H35="Paid","Paid", IF(P35<=0,"Current", IF(P35<=30,"1-30", IF(P35<=60,"31-60", IF(P35<=90,"61-90","90+"))))) -> 90+ | R35: =IF(P35=0, "Not Due","Due") -> Due
A36: AP10034 | B36: Fast Travel | C36: 45668 | D36: =TEXT(C36,"MMM YYYY") -> Jan 2025 | E36: 45698 | F36: GBP | G36: 5317.87 | H36: Paid | I36: =IF(H36="Paid",G36,0) -> 5317.87 | J36: =IF(H36="Open",G36,IF(H36="Paid",0,"N/A")) -> 0 | K36: 45698 | L36: =IF(H36="Paid",K36-C36,"") -> 30 | M36: =IF(K36="","",TEXT(K36, "YYYY-MMM")) -> 2025-Feb | N36: Net 30 | O36: =MAX(MAX($C$2:$C$801), MAX($E$2:$E$801)) -> 45868 | P36: =IF(K36="", O36-E36,0) -> 0 | Q36: =IF(H36="Paid","Paid", IF(P36<=0,"Current", IF(P36<=30,"1-30", IF(P36<=60,"31-60", IF(P36<=90,"61-90","90+"))))) -> Paid | R36: =IF(P36=0, "Not Due","Due") -> Not Due
A37: AP10035 | B37: ABC Supplies | C37: 45025 | D37: =TEXT(C37,"MMM YYYY") -> Apr 2023 | E37: 45055 | F37: CAD | G37: 806.85 | H37: Open | I37: =IF(H37="Paid",G37,0) -> 0 | J37: =IF(H37="Open",G37,IF(H37="Paid",0,"N/A")) -> 806.85 | L37: =IF(H37="Paid",K37-C37,"") | M37: =IF(K37="","",TEXT(K37, "YYYY-MMM")) | N37: Net 30 | O37: =MAX(MAX($C$2:$C$801), MAX($E$2:$E$801)) -> 45868 | P37: =IF(K37="", O37-E37,0) -> 813 | Q37: =IF(H37="Paid","Paid", IF(P37<=0,"Current", IF(P37<=30,"1-30", IF(P37<=60,"31-60", IF(P37<=90,"61-90","90+"))))) -> 90+ | R37: =IF(P37=0, "Not Due","Due") -> Due
A38: AP10036 | B38: BluePrints | C38: 45128 | D38: =TEXT(C38,"MMM YYYY") -> Jul 2023 | E38: 45158 | F38: CAD | G38: 3016.66 | H38: Partial | I38: =IF(H38="Paid",G38,0) -> 0 | J38: =IF(H38="Open",G38,IF(H38="Paid",0,"N/A")) -> N/A | L38: =IF(H38="Paid",K38-C38,"") | M38: =IF(K38="","",TEXT(K38, "YYYY-MMM")) | N38: Net 30 | O38: =MAX(MAX($C$2:$C$801), MAX($E$2:$E$801)) -> 45868 | P38: =IF(K38="", O38-E38,0) -> 710 | Q38: =IF(H38="Paid","Paid", IF(P38<=0,"Current", IF(P38<=30,"1-30", IF(P38<=60,"31-60", IF(P38<=90,"61-90","90+"))))) -> 90+ | R38: =IF(P38=0, "Not Due","Due") -> Due
A39: AP10037 | B39: Global Office | C39: 45504 | D39: =TEXT(C39,"MMM YYYY") -> Jul 2024 | E39: 45534 | F39: USD | G39: 504.02 | H39: Partial | I39: =IF(H39="Paid",G39,0) -> 0 | J39: =IF(H39="Open",G39,IF(H39="Paid",0,"N/A")) -> N/A | L39: =IF(H39="Paid",K39-C39,"") | M39: =IF(K39="","",TEXT(K39, "YYYY-MMM")) | N39: Net 30 | O39: =MAX(MAX($C$2:$C$801), MAX($E$2:$E$801)) -> 45868 | P39: =IF(K39="", O39-E39,0) -> 334 | Q39: =IF(H39="Paid","Paid", IF(P39<=0,"Current", IF(P39<=30,"1-30", IF(P39<=60,"31-60", IF(P39<=90,"61-90","90+"))))) -> 90+ | R39: =IF(P39=0, "Not Due","Due") -> Due
A40: AP10038 | B40: BluePrints | C40: 44934 | D40: =TEXT(C40,"MMM YYYY") -> Jan 2023 | E40: 44964 | F40: GBP | G40: 4288.44 | H40: Open | I40: =IF(H40="Paid",G40,0) -> 0 | J40: =IF(H40="Open",G40,IF(H40="Paid",0,"N/A")) -> 4288.44 | L40: =IF(H40="Paid",K40-C40,"") | M40: =IF(K40="","",TEXT(K40, "YYYY-MMM")) | N40: Net 30 | O40: =MAX(MAX($C$2:$C$801), MAX($E$2:$E$801)) -> 45868 | P40: =IF(K40="", O40-E40,0) -> 904 | Q40: =IF(H40="Paid","Paid", IF(P40<=0,"Current", IF(P40<=30,"1-30", IF(P40<=60,"31-60", IF(P40<=90,"61-90","90+"))))) -> 90+ | R40: =IF(P40=0, "Not Due","Due") -> Due
A41: AP10039 | B41: Global Office | C41: 45108 | D41: =TEXT(C41,"MMM YYYY") -> Jul 2023 | E41: 45138 | F41: EUR | G41: 3824.79 | H41: Partial | I41: =IF(H41="Paid",G41,0) -> 0 | J41: =IF(H41="Open",G41,IF(H41="Paid",0,"N/A")) -> N/A | L41: =IF(H41="Paid",K41-C41,"") | M41: =IF(K41="","",TEXT(K41, "YYYY-MMM")) | N41: Net 30 | O41: =MAX(MAX($C$2:$C$801), MAX($E$2:$E$801)) -> 45868 | P41: =IF(K41="", O41-E41,0) -> 730 | Q41: =IF(H41="Paid","Paid", IF(P41<=0,"Current", IF(P41<=30,"1-30", IF(P41<=60,"31-60", IF(P41<=90,"61-90","90+"))))) -> 90+ | R41: =IF(P41=0, "Not Due","Due") -> Due
A42: AP10040 | B42: Global Office | C42: 45801 | D42: =TEXT(C42,"MMM YYYY") -> May 2025 | E42: 45831 | F42: USD | G42: 4519.76 | H42: Open | I42: =IF(H42="Paid",G42,0) -> 0 | J42: =IF(H42="Open",G42,IF(H42="Paid",0,"N/A")) -> 4519.76 | L42: =IF(H42="Paid",K42-C42,"") | M42: =IF(K42="","",TEXT(K42, "YYYY-MMM")) | N42: Net 30 | O42: =MAX(MAX($C$2:$C$801), MAX($E$2:$E$801)) -> 45868 | P42: =IF(K42="", O42-E42,0) -> 37 | Q42: =IF(H42="Paid","Paid", IF(P42<=0,"Current", IF(P42<=30,"1-30", IF(P42<=60,"31-60", IF(P42<=90,"61-90","90+"))))) -> 31-60 | R42: =IF(P42=0, "Not Due","Due") -> Due
A43: AP10041 | B43: BluePrints | C43: 45313 | D43: =TEXT(C43,"MMM YYYY") -> Jan 2024 | E43: 45343 | F43: EUR | G43: 4767.38 | H43: Partial | I43: =IF(H43="Paid",G43,0) -> 0 | J43: =IF(H43="Open",G43,IF(H43="Paid",0,"N/A")) -> N/A | L43: =IF(H43="Paid",K43-C43,"") | M43: =IF(K43="","",TEXT(K43, "YYYY-MMM")) | N43: Net 30 | O43: =MAX(MAX($C$2:$C$801), MAX($E$2:$E$801)) -> 45868 | P43: =IF(K43="", O43-E43,0) -> 525 | Q43: =IF(H43="Paid","Paid", IF(P43<=0,"Current", IF(P43<=30,"1-30", IF(P43<=60,"31-60", IF(P43<=90,"61-90","90+"))))) -> 90+ | R43: =IF(P43=0, "Not Due","Due") -> Due
A44: AP10042 | B44: BluePrints | C44: 44967 | D44: =TEXT(C44,"MMM YYYY") -> Feb 2023 | E44: 44997 | F44: EUR | G44: 3607.07 | H44: Paid | I44: =IF(H44="Paid",G44,0) -> 3607.07 | J44: =IF(H44="Open",G44,IF(H44="Paid",0,"N/A")) -> 0 | K44: 44997 | L44: =IF(H44="Paid",K44-C44,"") -> 30 | M44: =IF(K44="","",TEXT(K44, "YYYY-MMM")) -> 2023-Mar | N44: Net 30 | O44: =MAX(MAX($C$2:$C$801), MAX($E$2:$E$801)) -> 45868 | P44: =IF(K44="", O44-E44,0) -> 0 | Q44: =IF(H44="Paid","Paid", IF(P44<=0,"Current", IF(P44<=30,"1-30", IF(P44<=60,"31-60", IF(P44<=90,"61-90","90+"))))) -> Paid | R44: =IF(P44=0, "Not Due","Due") -> Not Due
A45: AP10043 | B45: Fast Travel | C45: 45809 | D45: =TEXT(C45,"MMM YYYY") -> Jun 2025 | E45: 45839 | F45: AUD | G45: 1018.55 | H45: Partial | I45: =IF(H45="Paid",G45,0) -> 0 | J45: =IF(H45="Open",G45,IF(H45="Paid",0,"N/A")) -> N/A | L45: =IF(H45="Paid",K45-C45,"") | M45: =IF(K45="","",TEXT(K45, "YYYY-MMM")) | N45: Net 30 | O45: =MAX(MAX($C$2:$C$801), MAX($E$2:$E$801)) -> 45868 | P45: =IF(K45="", O45-E45,0) -> 29 | Q45: =IF(H45="Paid","Paid", IF(P45<=0,"Current", IF(P45<=30,"1-30", IF(P45<=60,"31-60", IF(P45<=90,"61-90","90+"))))) -> 1-30 | R45: =IF(P45=0, "Not Due","Due") -> Due
A46: AP10044 | B46: BluePrints | C46: 45102 | D46: =TEXT(C46,"MMM YYYY") -> Jun 2023 | E46: 45132 | F46: GBP | G46: 4381.22 | H46: Partial | I46: =IF(H46="Paid",G46,0) -> 0 | J46: =IF(H46="Open",G46,IF(H46="Paid",0,"N/A")) -> N/A | L46: =IF(H46="Paid",K46-C46,"") | M46: =IF(K46="","",TEXT(K46, "YYYY-MMM")) | N46: Net 30 | O46: =MAX(MAX($C$2:$C$801), MAX($E$2:$E$801)) -> 45868 | P46: =IF(K46="", O46-E46,0) -> 736 | Q46: =IF(H46="Paid","Paid", IF(P46<=0,"Current", IF(P46<=30,"1-30", IF(P46<=60,"31-60", IF(P46<=90,"61-90","90+"))))) -> 90+ | R46: =IF(P46=0, "Not Due","Due") -> Due
A47: AP10045 | B47: TechMart | C47: 45103 | D47: =TEXT(C47,"MMM YYYY") -> Jun 2023 | E47: 45133 | F47: USD | G47: 1164.49 | H47: Partial | I47: =IF(H47="Paid",G47,0) -> 0 | J47: =IF(H47="Open",G47,IF(H47="Paid",0,"N/A")) -> N/A | L47: =IF(H47="Paid",K47-C47,"") | M47: =IF(K47="","",TEXT(K47, "YYYY-MMM")) | N47: Net 30 | O47: =MAX(MAX($C$2:$C$801), MAX($E$2:$E$801)) -> 45868 | P47: =IF(K47="", O47-E47,0) -> 735 | Q47: =IF(H47="Paid","Paid", IF(P47<=0,"Current", IF(P47<=30,"1-30", IF(P47<=60,"31-60", IF(P47<=90,"61-90","90+"))))) -> 90+ | R47: =IF(P47=0, "Not Due","Due") -> Due
A48: AP10046 | B48: TechMart | C48: 45668 | D48: =TEXT(C48,"MMM YYYY") -> Jan 2025 | E48: 45698 | F48: USD | G48: 2557.61 | H48: Paid | I48: =IF(H48="Paid",G48,0) -> 2557.61 | J48: =IF(H48="Open",G48,IF(H48="Paid",0,"N/A")) -> 0 | K48: 45698 | L48: =IF(H48="Paid",K48-C48,"") -> 30 | M48: =IF(K48="","",TEXT(K48, "YYYY-MMM")) -> 2025-Feb | N48: Net 30 | O48: =MAX(MAX($C$2:$C$801), MAX($E$2:$E$801)) -> 45868 | P48: =IF(K48="", O48-E48,0) -> 0 | Q48: =IF(H48="Paid","Paid", IF(P48<=0,"Current", IF(P48<=30,"1-30", IF(P48<=60,"31-60", IF(P48<=90,"61-90","90+"))))) -> Paid | R48: =IF(P48=0, "Not Due","Due") -> Not Due
A49: AP10047 | B49: BluePrints | C49: 45682 | D49: =TEXT(C49,"MMM YYYY") -> Jan 2025 | E49: 45712 | F49: GBP | G49: 534.55 | H49: Open | I49: =IF(H49="Paid",G49,0) -> 0 | J49: =IF(H49="Open",G49,IF(H49="Paid",0,"N/A")) -> 534.55 | L49: =IF(H49="Paid",K49-C49,"") | M49: =IF(K49="","",TEXT(K49, "YYYY-MMM")) | N49: Net 30 | O49: =MAX(MAX($C$2:$C$801), MAX($E$2:$E$801)) -> 45868 | P49: =IF(K49="", O49-E49,0) -> 156 | Q49: =IF(H49="Paid","Paid", IF(P49<=0,"Current", IF(P49<=30,"1-30", IF(P49<=60,"31-60", IF(P49<=90,"61-90","90+"))))) -> 90+ | R49: =IF(P49=0, "Not Due","Due") -> Due
A50: AP10048 | B50: Global Office | C50: 45733 | D50: =TEXT(C50,"MMM YYYY") -> Mar 2025 | E50: 45763 | F50: CAD | G50: 1665.69 | H50: Paid | I50: =IF(H50="Paid",G50,0) -> 1665.69 | J50: =IF(H50="Open",G50,IF(H50="Paid",0,"N/A")) -> 0 | K50: 45763 | L50: =IF(H50="Paid",K50-C50,"") -> 30 | M50: =IF(K50="","",TEXT(K50, "YYYY-MMM")) -> 2025-Apr | N50: Net 30 | O50: =MAX(MAX($C$2:$C$801), MAX($E$2:$E$801)) -> 45868 | P50: =IF(K50="", O50-E50,0) -> 0 | Q50: =IF(H50="Paid","Paid", IF(P50<=0,"Current", IF(P50<=30,"1-30", IF(P50<=60,"31-60", IF(P50<=90,"61-90","90+"))))) -> Paid | R50: =IF(P50=0, "Not Due","Due") -> Not Due
A51: AP10049 | B51: BluePrints | C51: 45197 | D51: =TEXT(C51,"MMM YYYY") -> Sep 2023 | E51: 45227 | F51: GBP | G51: 989.68 | H51: Paid | I51: =IF(H51="Paid",G51,0) -> 989.68 | J51: =IF(H51="Open",G51,IF(H51="Paid",0,"N/A")) -> 0 | K51: 45227 | L51: =IF(H51="Paid",K51-C51,"") -> 30 | M51: =IF(K51="","",TEXT(K51, "YYYY-MMM")) -> 2023-Oct | N51: Net 30 | O51: =MAX(MAX($C$2:$C$801), MAX($E$2:$E$801)) -> 45868 | P51: =IF(K51="", O51-E51,0) -> 0 | Q51: =IF(H51="Paid","Paid", IF(P51<=0,"Current", IF(P51<=30,"1-30", IF(P51<=60,"31-60", IF(P51<=90,"61-90","90+"))))) -> Paid | R51: =IF(P51=0, "Not Due","Due") -> Not Due
A52: AP10050 | B52: Fast Travel | C52: 45801 | D52: =TEXT(C52,"MMM YYYY") -> May 2025 | E52: 45831 | F52: GBP | G52: 4865.1 | H52: Open | I52: =IF(H52="Paid",G52,0) -> 0 | J52: =IF(H52="Open",G52,IF(H52="Paid",0,"N/A")) -> 4865.1 | L52: =IF(H52="Paid",K52-C52,"") | M52: =IF(K52="","",TEXT(K52, "YYYY-MMM")) | N52: Net 30 | O52: =MAX(MAX($C$2:$C$801), MAX($E$2:$E$801)) -> 45868 | P52: =IF(K52="", O52-E52,0) -> 37 | Q52: =IF(H52="Paid","Paid", IF(P52<=0,"Current", IF(P52<=30,"1-30", IF(P52<=60,"31-60", IF(P52<=90,"61-90","90+"))))) -> 31-60 | R52: =IF(P52=0, "Not Due","Due") -> Due
A53: AP10051 | B53: BluePrints | C53: 45382 | D53: =TEXT(C53,"MMM YYYY") -> Mar 2024 | E53: 45412 | F53: AUD | G53: 1099.46 | H53: Paid | I53: =IF(H53="Paid",G53,0) -> 1099.46 | J53: =IF(H53="Open",G53,IF(H53="Paid",0,"N/A")) -> 0 | K53: 45412 | L53: =IF(H53="Paid",K53-C53,"") -> 30 | M53: =IF(K53="","",TEXT(K53, "YYYY-MMM")) -> 2024-Apr | N53: Net 30 | O53: =MAX(MAX($C$2:$C$801), MAX($E$2:$E$801)) -> 45868 | P53: =IF(K53="", O53-E53,0) -> 0 | Q53: =IF(H53="Paid","Paid", IF(P53<=0,"Current", IF(P53<=30,"1-30", IF(P53<=60,"31-60", IF(P53<=90,"61-90","90+"))))) -> Paid | R53: =IF(P53=0, "Not Due","Due") -> Not Due
A54: AP10052 | B54: BluePrints | C54: 45039 | D54: =TEXT(C54,"MMM YYYY") -> Apr 2023 | E54: 45069 | F54: CAD | G54: 2176.36 | H54: Paid | I54: =IF(H54="Paid",G54,0) -> 2176.36 | J54: =IF(H54="Open",G54,IF(H54="Paid",0,"N/A")) -> 0 | K54: 45069 | L54: =IF(H54="Paid",K54-C54,"") -> 30 | M54: =IF(K54="","",TEXT(K54, "YYYY-MMM")) -> 2023-May | N54: Net 30 | O54: =MAX(MAX($C$2:$C$801), MAX($E$2:$E$801)) -> 45868 | P54: =IF(K54="", O54-E54,0) -> 0 | Q54: =IF(H54="Paid","Paid", IF(P54<=0,"Current", IF(P54<=30,"1-30", IF(P54<=60,"31-60", IF(P54<=90,"61-90","90+"))))) -> Paid | R54: =IF(P54=0, "Not Due","Due") -> Not Due
A55: AP10053 | B55: ABC Supplies | C55: 45162 | D55: =TEXT(C55,"MMM YYYY") -> Aug 2023 | E55: 45192 | F55: CAD | G55: 2238.11 | H55: Partial | I55: =IF(H55="Paid",G55,0) -> 0 | J55: =IF(H55="Open",G55,IF(H55="Paid",0,"N/A")) -> N/A | L55: =IF(H55="Paid",K55-C55,"") | M55: =IF(K55="","",TEXT(K55, "YYYY-MMM")) | N55: Net 30 | O55: =MAX(MAX($C$2:$C$801), MAX($E$2:$E$801)) -> 45868 | P55: =IF(K55="", O55-E55,0) -> 676 | Q55: =IF(H55="Paid","Paid", IF(P55<=0,"Current", IF(P55<=30,"1-30", IF(P55<=60,"31-60", IF(P55<=90,"61-90","90+"))))) -> 90+ | R55: =IF(P55=0, "Not Due","Due") -> Due
A56: AP10054 | B56: BluePrints | C56: 45055 | D56: =TEXT(C56,"MMM YYYY") -> May 2023 | E56: 45085 | F56: AUD | G56: 1068.42 | H56: Partial | I56: =IF(H56="Paid",G56,0) -> 0 | J56: =IF(H56="Open",G56,IF(H56="Paid",0,"N/A")) -> N/A | L56: =IF(H56="Paid",K56-C56,"") | M56: =IF(K56="","",TEXT(K56, "YYYY-MMM")) | N56: Net 30 | O56: =MAX(MAX($C$2:$C$801), MAX($E$2:$E$801)) -> 45868 | P56: =IF(K56="", O56-E56,0) -> 783 | Q56: =IF(H56="Paid","Paid", IF(P56<=0,"Current", IF(P56<=30,"1-30", IF(P56<=60,"31-60", IF(P56<=90,"61-90","90+"))))) -> 90+ | R56: =IF(P56=0, "Not Due","Due") -> Due
A57: AP10055 | B57: TechMart | C57: 45279 | D57: =TEXT(C57,"MMM YYYY") -> Dec 2023 | E57: 45309 | F57: AUD | G57: 2103.25 | H57: Partial | I57: =IF(H57="Paid",G57,0) -> 0 | J57: =IF(H57="Open",G57,IF(H57="Paid",0,"N/A")) -> N/A | L57: =IF(H57="Paid",K57-C57,"") | M57: =IF(K57="","",TEXT(K57, "YYYY-MMM")) | N57: Net 30 | O57: =MAX(MAX($C$2:$C$801), MAX($E$2:$E$801)) -> 45868 | P57: =IF(K57="", O57-E57,0) -> 559 | Q57: =IF(H57="Paid","Paid", IF(P57<=0,"Current", IF(P57<=30,"1-30", IF(P57<=60,"31-60", IF(P57<=90,"61-90","90+"))))) -> 90+ | R57: =IF(P57=0, "Not Due","Due") -> Due
A58: AP10056 | B58: Global Office | C58: 45238 | D58: =TEXT(C58,"MMM YYYY") -> Nov 2023 | E58: 45268 | F58: USD | G58: 422.98 | H58: Paid | I58: =IF(H58="Paid",G58,0) -> 422.98 | J58: =IF(H58="Open",G58,IF(H58="Paid",0,"N/A")) -> 0 | K58: 45268 | L58: =IF(H58="Paid",K58-C58,"") -> 30 | M58: =IF(K58="","",TEXT(K58, "YYYY-MMM")) -> 2023-Dec | N58: Net 30 | O58: =MAX(MAX($C$2:$C$801), MAX($E$2:$E$801)) -> 45868 | P58: =IF(K58="", O58-E58,0) -> 0 | Q58: =IF(H58="Paid","Paid", IF(P58<=0,"Current", IF(P58<=30,"1-30", IF(P58<=60,"31-60", IF(P58<=90,"61-90","90+"))))) -> Paid | R58: =IF(P58=0, "Not Due","Due") -> Not Due
A59: AP10057 | B59: BluePrints | C59: 44929 | D59: =TEXT(C59,"MMM YYYY") -> Jan 2023 | E59: 44959 | F59: USD | G59: 2784.23 | H59: Partial | I59: =IF(H59="Paid",G59,0) -> 0 | J59: =IF(H59="Open",G59,IF(H59="Paid",0,"N/A")) -> N/A | L59: =IF(H59="Paid",K59-C59,"") | M59: =IF(K59="","",TEXT(K59, "YYYY-MMM")) | N59: Net 30 | O59: =MAX(MAX($C$2:$C$801), MAX($E$2:$E$801)) -> 45868 | P59: =IF(K59="", O59-E59,0) -> 909 | Q59: =IF(H59="Paid","Paid", IF(P59<=0,"Current", IF(P59<=30,"1-30", IF(P59<=60,"31-60", IF(P59<=90,"61-90","90+"))))) -> 90+ | R59: =IF(P59=0, "Not Due","Due") -> Due
A60: AP10058 | B60: TechMart | C60: 45462 | D60: =TEXT(C60,"MMM YYYY") -> Jun 2024 | E60: 45492 | F60: CAD | G60: 2127.1 | H60: Open | I60: =IF(H60="Paid",G60,0) -> 0 | J60: =IF(H60="Open",G60,IF(H60="Paid",0,"N/A")) -> 2127.1 | L60: =IF(H60="Paid",K60-C60,"") | M60: =IF(K60="","",TEXT(K60, "YYYY-MMM")) | N60: Net 30 | O60: =MAX(MAX($C$2:$C$801), MAX($E$2:$E$801)) -> 45868 | P60: =IF(K60="", O60-E60,0) -> 376 | Q60: =IF(H60="Paid","Paid", IF(P60<=0,"Current", IF(P60<=30,"1-30", IF(P60<=60,"31-60", IF(P60<=90,"61-90","90+"))))) -> 90+ | R60: =IF(P60=0, "Not Due","Due") -> Due
A61: AP10059 | B61: BluePrints | C61: 45725 | D61: =TEXT(C61,"MMM YYYY") -> Mar 2025 | E61: 45755 | F61: GBP | G61: 786.17 | H61: Partial | I61: =IF(H61="Paid",G61,0) -> 0 | J61: =IF(H61="Open",G61,IF(H61="Paid",0,"N/A")) -> N/A | L61: =IF(H61="Paid",K61-C61,"") | M61: =IF(K61="","",TEXT(K61, "YYYY-MMM")) | N61: Net 30 | O61: =MAX(MAX($C$2:$C$801), MAX($E$2:$E$801)) -> 45868 | P61: =IF(K61="", O61-E61,0) -> 113 | Q61: =IF(H61="Paid","Paid", IF(P61<=0,"Current", IF(P61<=30,"1-30", IF(P61<=60,"31-60", IF(P61<=90,"61-90","90+"))))) -> 90+ | R61: =IF(P61=0, "Not Due","Due") -> Due
A62: AP10060 | B62: BluePrints | C62: 45440 | D62: =TEXT(C62,"MMM YYYY") -> May 2024 | E62: 45470 | F62: GBP | G62: 5230.78 | H62: Paid | I62: =IF(H62="Paid",G62,0) -> 5230.78 | J62: =IF(H62="Open",G62,IF(H62="Paid",0,"N/A")) -> 0 | K62: 45470 | L62: =IF(H62="Paid",K62-C62,"") -> 30 | M62: =IF(K62="","",TEXT(K62, "YYYY-MMM")) -> 2024-Jun | N62: Net 30 | O62: =MAX(MAX($C$2:$C$801), MAX($E$2:$E$801)) -> 45868 | P62: =IF(K62="", O62-E62,0) -> 0 | Q62: =IF(H62="Paid","Paid", IF(P62<=0,"Current", IF(P62<=30,"1-30", IF(P62<=60,"31-60", IF(P62<=90,"61-90","90+"))))) -> Paid | R62: =IF(P62=0, "Not Due","Due") -> Not Due
A63: AP10061 | B63: BluePrints | C63: 45408 | D63: =TEXT(C63,"MMM YYYY") -> Apr 2024 | E63: 45438 | F63: CAD | G63: 1484.09 | H63: Partial | I63: =IF(H63="Paid",G63,0) -> 0 | J63: =IF(H63="Open",G63,IF(H63="Paid",0,"N/A")) -> N/A | L63: =IF(H63="Paid",K63-C63,"") | M63: =IF(K63="","",TEXT(K63, "YYYY-MMM")) | N63: Net 30 | O63: =MAX(MAX($C$2:$C$801), MAX($E$2:$E$801)) -> 45868 | P63: =IF(K63="", O63-E63,0) -> 430 | Q63: =IF(H63="Paid","Paid", IF(P63<=0,"Current", IF(P63<=30,"1-30", IF(P63<=60,"31-60", IF(P63<=90,"61-90","90+"))))) -> 90+ | R63: =IF(P63=0, "Not Due","Due") -> Due
A64: AP10062 | B64: ABC Supplies | C64: 44981 | D64: =TEXT(C64,"MMM YYYY") -> Feb 2023 | E64: 45011 | F64: AUD | G64: 1572.77 | H64: Paid | I64: =IF(H64="Paid",G64,0) -> 1572.77 | J64: =IF(H64="Open",G64,IF(H64="Paid",0,"N/A")) -> 0 | K64: 45011 | L64: =IF(H64="Paid",K64-C64,"") -> 30 | M64: =IF(K64="","",TEXT(K64, "YYYY-MMM")) -> 2023-Mar | N64: Net 30 | O64: =MAX(MAX($C$2:$C$801), MAX($E$2:$E$801)) -> 45868 | P64: =IF(K64="", O64-E64,0) -> 0 | Q64: =IF(H64="Paid","Paid", IF(P64<=0,"Current", IF(P64<=30,"1-30", IF(P64<=60,"31-60", IF(P64<=90,"61-90","90+"))))) -> Paid | R64: =IF(P64=0, "Not Due","Due") -> Not Due
A65: AP10063 | B65: BluePrints | C65: 45703 | D65: =TEXT(C65,"MMM YYYY") -> Feb 2025 | E65: 45733 | F65: GBP | G65: 4596.79 | H65: Paid | I65: =IF(H65="Paid",G65,0) -> 4596.79 | J65: =IF(H65="Open",G65,IF(H65="Paid",0,"N/A")) -> 0 | K65: 45733 | L65: =IF(H65="Paid",K65-C65,"") -> 30 | M65: =IF(K65="","",TEXT(K65, "YYYY-MMM")) -> 2025-Mar | N65: Net 30 | O65: =MAX(MAX($C$2:$C$801), MAX($E$2:$E$801)) -> 45868 | P65: =IF(K65="", O65-E65,0) -> 0 | Q65: =IF(H65="Paid","Paid", IF(P65<=0,"Current", IF(P65<=30,"1-30", IF(P65<=60,"31-60", IF(P65<=90,"61-90","90+"))))) -> Paid | R65: =IF(P65=0, "Not Due","Due") -> Not Due
A66: AP10064 | B66: Fast Travel | C66: 45404 | D66: =TEXT(C66,"MMM YYYY") -> Apr 2024 | E66: 45434 | F66: GBP | G66: 4853.02 | H66: Partial | I66: =IF(H66="Paid",G66,0) -> 0 | J66: =IF(H66="Open",G66,IF(H66="Paid",0,"N/A")) -> N/A | L66: =IF(H66="Paid",K66-C66,"") | M66: =IF(K66="","",TEXT(K66, "YYYY-MMM")) | N66: Net 30 | O66: =MAX(MAX($C$2:$C$801), MAX($E$2:$E$801)) -> 45868 | P66: =IF(K66="", O66-E66,0) -> 434 | Q66: =IF(H66="Paid","Paid", IF(P66<=0,"Current", IF(P66<=30,"1-30", IF(P66<=60,"31-60", IF(P66<=90,"61-90","90+"))))) -> 90+ | R66: =IF(P66=0, "Not Due","Due") -> Due
A67: AP10065 | B67: ABC Supplies | C67: 45762 | D67: =TEXT(C67,"MMM YYYY") -> Apr 2025 | E67: 45792 | F67: USD | G67: 2137.45 | H67: Open | I67: =IF(H67="Paid",G67,0) -> 0 | J67: =IF(H67="Open",G67,IF(H67="Paid",0,"N/A")) -> 2137.45 | L67: =IF(H67="Paid",K67-C67,"") | M67: =IF(K67="","",TEXT(K67, "YYYY-MMM")) | N67: Net 30 | O67: =MAX(MAX($C$2:$C$801), MAX($E$2:$E$801)) -> 45868 | P67: =IF(K67="", O67-E67,0) -> 76 | Q67: =IF(H67="Paid","Paid", IF(P67<=0,"Current", IF(P67<=30,"1-30", IF(P67<=60,"31-60", IF(P67<=90,"61-90","90+"))))) -> 61-90 | R67: =IF(P67=0, "Not Due","Due") -> Due
A68: AP10066 | B68: TechMart | C68: 45697 | D68: =TEXT(C68,"MMM YYYY") -> Feb 2025 | E68: 45727 | F68: USD | G68: 3793.28 | H68: Paid | I68: =IF(H68="Paid",G68,0) -> 3793.28 | J68: =IF(H68="Open",G68,IF(H68="Paid",0,"N/A")) -> 0 | K68: 45727 | L68: =IF(H68="Paid",K68-C68,"") -> 30 | M68: =IF(K68="","",TEXT(K68, "YYYY-MMM")) -> 2025-Mar | N68: Net 30 | O68: =MAX(MAX($C$2:$C$801), MAX($E$2:$E$801)) -> 45868 | P68: =IF(K68="", O68-E68,0) -> 0 | Q68: =IF(H68="Paid","Paid", IF(P68<=0,"Current", IF(P68<=30,"1-30", IF(P68<=60,"31-60", IF(P68<=90,"61-90","90+"))))) -> Paid | R68: =IF(P68=0, "Not Due","Due") -> Not Due
A69: AP10067 | B69: BluePrints | C69: 45660 | D69: =TEXT(C69,"MMM YYYY") -> Jan 2025 | E69: 45690 | F69: CAD | G69: 2146.7 | H69: Paid | I69: =IF(H69="Paid",G69,0) -> 2146.7 | J69: =IF(H69="Open",G69,IF(H69="Paid",0,"N/A")) -> 0 | K69: 45690 | L69: =IF(H69="Paid",K69-C69,"") -> 30 | M69: =IF(K69="","",TEXT(K69, "YYYY-MMM")) -> 2025-Feb | N69: Net 30 | O69: =MAX(MAX($C$2:$C$801), MAX($E$2:$E$801)) -> 45868 | P69: =IF(K69="", O69-E69,0) -> 0 | Q69: =IF(H69="Paid","Paid", IF(P69<=0,"Current", IF(P69<=30,"1-30", IF(P69<=60,"31-60", IF(P69<=90,"61-90","90+"))))) -> Paid | R69: =IF(P69=0, "Not Due","Due") -> Not Due
A70: AP10068 | B70: BluePrints | C70: 45497 | D70: =TEXT(C70,"MMM YYYY") -> Jul 2024 | E70: 45527 | F70: USD | G70: 4968.32 | H70: Open | I70: =IF(H70="Paid",G70,0) -> 0 | J70: =IF(H70="Open",G70,IF(H70="Paid",0,"N/A")) -> 4968.32 | L70: =IF(H70="Paid",K70-C70,"") | M70: =IF(K70="","",TEXT(K70, "YYYY-MMM")) | N70: Net 30 | O70: =MAX(MAX($C$2:$C$801), MAX($E$2:$E$801)) -> 45868 | P70: =IF(K70="", O70-E70,0) -> 341 | Q70: =IF(H70="Paid","Paid", IF(P70<=0,"Current", IF(P70<=30,"1-30", IF(P70<=60,"31-60", IF(P70<=90,"61-90","90+"))))) -> 90+ | R70: =IF(P70=0, "Not Due","Due") -> Due
A71: AP10069 | B71: BluePrints | C71: 44958 | D71: =TEXT(C71,"MMM YYYY") -> Feb 2023 | E71: 44988 | F71: USD | G71: 4336.91 | H71: Open | I71: =IF(H71="Paid",G71,0) -> 0 | J71: =IF(H71="Open",G71,IF(H71="Paid",0,"N/A")) -> 4336.91 | L71: =IF(H71="Paid",K71-C71,"") | M71: =IF(K71="","",TEXT(K71, "YYYY-MMM")) | N71: Net 30 | O71: =MAX(MAX($C$2:$C$801), MAX($E$2:$E$801)) -> 45868 | P71: =IF(K71="", O71-E71,0) -> 880 | Q71: =IF(H71="Paid","Paid", IF(P71<=0,"Current", IF(P71<=30,"1-30", IF(P71<=60,"31-60", IF(P71<=90,"61-90","90+"))))) -> 90+ | R71: =IF(P71=0, "Not Due","Due") -> Due
A72: AP10070 | B72: TechMart | C72: 45629 | D72: =TEXT(C72,"MMM YYYY") -> Dec 2024 | E72: 45659 | F72: USD | G72: 2479.95 | H72: Paid | I72: =IF(H72="Paid",G72,0) -> 2479.95 | J72: =IF(H72="Open",G72,IF(H72="Paid",0,"N/A")) -> 0 | K72: 45659 | L72: =IF(H72="Paid",K72-C72,"") -> 30 | M72: =IF(K72="","",TEXT(K72, "YYYY-MMM")) -> 2025-Jan | N72: Net 30 | O72: =MAX(MAX($C$2:$C$801), MAX($E$2:$E$801)) -> 45868 | P72: =IF(K72="", O72-E72,0) -> 0 | Q72: =IF(H72="Paid","Paid", IF(P72<=0,"Current", IF(P72<=30,"1-30", IF(P72<=60,"31-60", IF(P72<=90,"61-90","90+"))))) -> Paid | R72: =IF(P72=0, "Not Due","Due") -> Not Due
A73: AP10071 | B73: TechMart | C73: 45821 | D73: =TEXT(C73,"MMM YYYY") -> Jun 2025 | E73: 45851 | F73: USD | G73: 2498.69 | H73: Open | I73: =IF(H73="Paid",G73,0) -> 0 | J73: =IF(H73="Open",G73,IF(H73="Paid",0,"N/A")) -> 2498.69 | L73: =IF(H73="Paid",K73-C73,"") | M73: =IF(K73="","",TEXT(K73, "YYYY-MMM")) | N73: Net 30 | O73: =MAX(MAX($C$2:$C$801), MAX($E$2:$E$801)) -> 45868 | P73: =IF(K73="", O73-E73,0) -> 17 | Q73: =IF(H73="Paid","Paid", IF(P73<=0,"Current", IF(P73<=30,"1-30", IF(P73<=60,"31-60", IF(P73<=90,"61-90","90+"))))) -> 1-30 | R73: =IF(P73=0, "Not Due","Due") -> Due
A74: AP10072 | B74: Fast Travel | C74: 45597 | D74: =TEXT(C74,"MMM YYYY") -> Nov 2024 | E74: 45627 | F74: CAD | G74: 1521.01 | H74: Paid | I74: =IF(H74="Paid",G74,0) -> 1521.01 | J74: =IF(H74="Open",G74,IF(H74="Paid",0,"N/A")) -> 0 | K74: 45627 | L74: =IF(H74="Paid",K74-C74,"") -> 30 | M74: =IF(K74="","",TEXT(K74, "YYYY-MMM")) -> 2024-Dec | N74: Net 30 | O74: =MAX(MAX($C$2:$C$801), MAX($E$2:$E$801)) -> 45868 | P74: =IF(K74="", O74-E74,0) -> 0 | Q74: =IF(H74="Paid","Paid", IF(P74<=0,"Current", IF(P74<=30,"1-30", IF(P74<=60,"31-60", IF(P74<=90,"61-90","90+"))))) -> Paid | R74: =IF(P74=0, "Not Due","Due") -> Not Due
A75: AP10073 | B75: BluePrints | C75: 45092 | D75: =TEXT(C75,"MMM YYYY") -> Jun 2023 | E75: 45122 | F75: AUD | G75: 1499.08 | H75: Partial | I75: =IF(H75="Paid",G75,0) -> 0 | J75: =IF(H75="Open",G75,IF(H75="Paid",0,"N/A")) -> N/A | L75: =IF(H75="Paid",K75-C75,"") | M75: =IF(K75="","",TEXT(K75, "YYYY-MMM")) | N75: Net 30 | O75: =MAX(MAX($C$2:$C$801), MAX($E$2:$E$801)) -> 45868 | P75: =IF(K75="", O75-E75,0) -> 746 | Q75: =IF(H75="Paid","Paid", IF(P75<=0,"Current", IF(P75<=30,"1-30", IF(P75<=60,"31-60", IF(P75<=90,"61-90","90+"))))) -> 90+ | R75: =IF(P75=0, "Not Due","Due") -> Due
A76: AP10074 | B76: ABC Supplies | C76: 45187 | D76: =TEXT(C76,"MMM YYYY") -> Sep 2023 | E76: 45217 | F76: USD | G76: 3536.09 | H76: Paid | I76: =IF(H76="Paid",G76,0) -> 3536.09 | J76: =IF(H76="Open",G76,IF(H76="Paid",0,"N/A")) -> 0 | K76: 45217 | L76: =IF(H76="Paid",K76-C76,"") -> 30 | M76: =IF(K76="","",TEXT(K76, "YYYY-MMM")) -> 2023-Oct | N76: Net 30 | O76: =MAX(MAX($C$2:$C$801), MAX($E$2:$E$801)) -> 45868 | P76: =IF(K76="", O76-E76,0) -> 0 | Q76: =IF(H76="Paid","Paid", IF(P76<=0,"Current", IF(P76<=30,"1-30", IF(P76<=60,"31-60", IF(P76<=90,"61-90","90+"))))) -> Paid | R76: =IF(P76=0, "Not Due","Due") -> Not Due
A77: AP10075 | B77: BluePrints | C77: 45661 | D77: =TEXT(C77,"MMM YYYY") -> Jan 2025 | E77: 45691 | F77: CAD | G77: 2877.04 | H77: Open | I77: =IF(H77="Paid",G77,0) -> 0 | J77: =IF(H77="Open",G77,IF(H77="Paid",0,"N/A")) -> 2877.04 | L77: =IF(H77="Paid",K77-C77,"") | M77: =IF(K77="","",TEXT(K77, "YYYY-MMM")) | N77: Net 30 | O77: =MAX(MAX($C$2:$C$801), MAX($E$2:$E$801)) -> 45868 | P77: =IF(K77="", O77-E77,0) -> 177 | Q77: =IF(H77="Paid","Paid", IF(P77<=0,"Current", IF(P77<=30,"1-30", IF(P77<=60,"31-60", IF(P77<=90,"61-90","90+"))))) -> 90+ | R77: =IF(P77=0, "Not Due","Due") -> Due
A78: AP10076 | B78: TechMart | C78: 45068 | D78: =TEXT(C78,"MMM YYYY") -> May 2023 | E78: 45098 | F78: USD | G78: 1175.94 | H78: Partial | I78: =IF(H78="Paid",G78,0) -> 0 | J78: =IF(H78="Open",G78,IF(H78="Paid",0,"N/A")) -> N/A | L78: =IF(H78="Paid",K78-C78,"") | M78: =IF(K78="","",TEXT(K78, "YYYY-MMM")) | N78: Net 30 | O78: =MAX(MAX($C$2:$C$801), MAX($E$2:$E$801)) -> 45868 | P78: =IF(K78="", O78-E78,0) -> 770 | Q78: =IF(H78="Paid","Paid", IF(P78<=0,"Current", IF(P78<=30,"1-30", IF(P78<=60,"31-60", IF(P78<=90,"61-90","90+"))))) -> 90+ | R78: =IF(P78=0, "Not Due","Due") -> Due
A79: AP10077 | B79: Global Office | C79: 45556 | D79: =TEXT(C79,"MMM YYYY") -> Sep 2024 | E79: 45586 | F79: AUD | G79: 1148.67 | H79: Paid | I79: =IF(H79="Paid",G79,0) -> 1148.67 | J79: =IF(H79="Open",G79,IF(H79="Paid",0,"N/A")) -> 0 | K79: 45586 | L79: =IF(H79="Paid",K79-C79,"") -> 30 | M79: =IF(K79="","",TEXT(K79, "YYYY-MMM")) -> 2024-Oct | N79: Net 30 | O79: =MAX(MAX($C$2:$C$801), MAX($E$2:$E$801)) -> 45868 | P79: =IF(K79="", O79-E79,0) -> 0 | Q79: =IF(H79="Paid","Paid", IF(P79<=0,"Current", IF(P79<=30,"1-30", IF(P79<=60,"31-60", IF(P79<=90,"61-90","90+"))))) -> Paid | R79: =IF(P79=0, "Not Due","Due") -> Not Due
A80: AP10078 | B80: Global Office | C80: 45401 | D80: =TEXT(C80,"MMM YYYY") -> Apr 2024 | E80: 45431 | F80: USD | G80: 1687.52 | H80: Paid | I80: =IF(H80="Paid",G80,0) -> 1687.52 | J80: =IF(H80="Open",G80,IF(H80="Paid",0,"N/A")) -> 0 | K80: 45431 | L80: =IF(H80="Paid",K80-C80,"") -> 30 | M80: =IF(K80="","",TEXT(K80, "YYYY-MMM")) -> 2024-May | N80: Net 30 | O80: =MAX(MAX($C$2:$C$801), MAX($E$2:$E$801)) -> 45868 | P80: =IF(K80="", O80-E80,0) -> 0 | Q80: =IF(H80="Paid","Paid", IF(P80<=0,"Current", IF(P80<=30,"1-30", IF(P80<=60,"31-60", IF(P80<=90,"61-90","90+"))))) -> Paid | R80: =IF(P80=0, "Not Due","Due") -> Not Due
A81: AP10079 | B81: Global Office | C81: 45161 | D81: =TEXT(C81,"MMM YYYY") -> Aug 2023 | E81: 45191 | F81: USD | G81: 1247.56 | H81: Paid | I81: =IF(H81="Paid",G81,0) -> 1247.56 | J81: =IF(H81="Open",G81,IF(H81="Paid",0,"N/A")) -> 0 | K81: 45191 | L81: =IF(H81="Paid",K81-C81,"") -> 30 | M81: =IF(K81="","",TEXT(K81, "YYYY-MMM")) -> 2023-Sep | N81: Net 30 | O81: =MAX(MAX($C$2:$C$801), MAX($E$2:$E$801)) -> 45868 | P81: =IF(K81="", O81-E81,0) -> 0 | Q81: =IF(H81="Paid","Paid", IF(P81<=0,"Current", IF(P81<=30,"1-30", IF(P81<=60,"31-60", IF(P81<=90,"61-90","90+"))))) -> Paid | R81: =IF(P81=0, "Not Due","Due") -> Not Due
A82: AP10080 | B82: ABC Supplies | C82: 45811 | D82: =TEXT(C82,"MMM YYYY") -> Jun 2025 | E82: 45841 | F82: AUD | G82: 2397.29 | H82: Partial | I82: =IF(H82="Paid",G82,0) -> 0 | J82: =IF(H82="Open",G82,IF(H82="Paid",0,"N/A")) -> N/A | L82: =IF(H82="Paid",K82-C82,"") | M82: =IF(K82="","",TEXT(K82, "YYYY-MMM")) | N82: Net 30 | O82: =MAX(MAX($C$2:$C$801), MAX($E$2:$E$801)) -> 45868 | P82: =IF(K82="", O82-E82,0) -> 27 | Q82: =IF(H82="Paid","Paid", IF(P82<=0,"Current", IF(P82<=30,"1-30", IF(P82<=60,"31-60", IF(P82<=90,"61-90","90+"))))) -> 1-30 | R82: =IF(P82=0, "Not Due","Due") -> Due
A83: AP10081 | B83: TechMart | C83: 45561 | D83: =TEXT(C83,"MMM YYYY") -> Sep 2024 | E83: 45591 | F83: EUR | G83: 1877.7 | H83: Open | I83: =IF(H83="Paid",G83,0) -> 0 | J83: =IF(H83="Open",G83,IF(H83="Paid",0,"N/A")) -> 1877.7 | L83: =IF(H83="Paid",K83-C83,"") | M83: =IF(K83="","",TEXT(K83, "YYYY-MMM")) | N83: Net 30 | O83: =MAX(MAX($C$2:$C$801), MAX($E$2:$E$801)) -> 45868 | P83: =IF(K83="", O83-E83,0) -> 277 | Q83: =IF(H83="Paid","Paid", IF(P83<=0,"Current", IF(P83<=30,"1-30", IF(P83<=60,"31-60", IF(P83<=90,"61-90","90+"))))) -> 90+ | R83: =IF(P83=0, "Not Due","Due") -> Due
A84: AP10082 | B84: Global Office | C84: 45458 | D84: =TEXT(C84,"MMM YYYY") -> Jun 2024 | E84: 45488 | F84: CAD | G84: 791.37 | H84: Partial | I84: =IF(H84="Paid",G84,0) -> 0 | J84: =IF(H84="Open",G84,IF(H84="Paid",0,"N/A")) -> N/A | L84: =IF(H84="Paid",K84-C84,"") | M84: =IF(K84="","",TEXT(K84, "YYYY-MMM")) | N84: Net 30 | O84: =MAX(MAX($C$2:$C$801), MAX($E$2:$E$801)) -> 45868 | P84: =IF(K84="", O84-E84,0) -> 380 | Q84: =IF(H84="Paid","Paid", IF(P84<=0,"Current", IF(P84<=30,"1-30", IF(P84<=60,"31-60", IF(P84<=90,"61-90","90+"))))) -> 90+ | R84: =IF(P84=0, "Not Due","Due") -> Due
A85: AP10083 | B85: ABC Supplies | C85: 45423 | D85: =TEXT(C85,"MMM YYYY") -> May 2024 | E85: 45453 | F85: USD | G85: 1927.05 | H85: Partial | I85: =IF(H85="Paid",G85,0) -> 0 | J85: =IF(H85="Open",G85,IF(H85="Paid",0,"N/A")) -> N/A | L85: =IF(H85="Paid",K85-C85,"") | M85: =IF(K85="","",TEXT(K85, "YYYY-MMM")) | N85: Net 30 | O85: =MAX(MAX($C$2:$C$801), MAX($E$2:$E$801)) -> 45868 | P85: =IF(K85="", O85-E85,0) -> 415 | Q85: =IF(H85="Paid","Paid", IF(P85<=0,"Current", IF(P85<=30,"1-30", IF(P85<=60,"31-60", IF(P85<=90,"61-90","90+"))))) -> 90+ | R85: =IF(P85=0, "Not Due","Due") -> Due
A86: AP10084 | B86: ABC Supplies | C86: 45082 | D86: =TEXT(C86,"MMM YYYY") -> Jun 2023 | E86: 45112 | F86: USD | G86: 1169.93 | H86: Open | I86: =IF(H86="Paid",G86,0) -> 0 | J86: =IF(H86="Open",G86,IF(H86="Paid",0,"N/A")) -> 1169.93 | L86: =IF(H86="Paid",K86-C86,"") | M86: =IF(K86="","",TEXT(K86, "YYYY-MMM")) | N86: Net 30 | O86: =MAX(MAX($C$2:$C$801), MAX($E$2:$E$801)) -> 45868 | P86: =IF(K86="", O86-E86,0) -> 756 | Q86: =IF(H86="Paid","Paid", IF(P86<=0,"Current", IF(P86<=30,"1-30", IF(P86<=60,"31-60", IF(P86<=90,"61-90","90+"))))) -> 90+ | R86: =IF(P86=0, "Not Due","Due") -> Due
A87: AP10085 | B87: TechMart | C87: 45820 | D87: =TEXT(C87,"MMM YYYY") -> Jun 2025 | E87: 45850 | F87: GBP | G87: 899.95 | H87: Open | I87: =IF(H87="Paid",G87,0) -> 0 | J87: =IF(H87="Open",G87,IF(H87="Paid",0,"N/A")) -> 899.95 | L87: =IF(H87="Paid",K87-C87,"") | M87: =IF(K87="","",TEXT(K87, "YYYY-MMM")) | N87: Net 30 | O87: =MAX(MAX($C$2:$C$801), MAX($E$2:$E$801)) -> 45868 | P87: =IF(K87="", O87-E87,0) -> 18 | Q87: =IF(H87="Paid","Paid", IF(P87<=0,"Current", IF(P87<=30,"1-30", IF(P87<=60,"31-60", IF(P87<=90,"61-90","90+"))))) -> 1-30 | R87: =IF(P87=0, "Not Due","Due") -> Due
A88: AP10086 | B88: TechMart | C88: 45111 | D88: =TEXT(C88,"MMM YYYY") -> Jul 2023 | E88: 45141 | F88: CAD | G88: 2486.21 | H88: Paid | I88: =IF(H88="Paid",G88,0) -> 2486.21 | J88: =IF(H88="Open",G88,IF(H88="Paid",0,"N/A")) -> 0 | K88: 45141 | L88: =IF(H88="Paid",K88-C88,"") -> 30 | M88: =IF(K88="","",TEXT(K88, "YYYY-MMM")) -> 2023-Aug | N88: Net 30 | O88: =MAX(MAX($C$2:$C$801), MAX($E$2:$E$801)) -> 45868 | P88: =IF(K88="", O88-E88,0) -> 0 | Q88: =IF(H88="Paid","Paid", IF(P88<=0,"Current", IF(P88<=30,"1-30", IF(P88<=60,"31-60", IF(P88<=90,"61-90","90+"))))) -> Paid | R88: =IF(P88=0, "Not Due","Due") -> Not Due
A89: AP10087 | B89: TechMart | C89: 45456 | D89: =TEXT(C89,"MMM YYYY") -> Jun 2024 | E89: 45486 | F89: CAD | G89: 2376 | H89: Paid | I89: =IF(H89="Paid",G89,0) -> 2376 | J89: =IF(H89="Open",G89,IF(H89="Paid",0,"N/A")) -> 0 | K89: 45486 | L89: =IF(H89="Paid",K89-C89,"") -> 30 | M89: =IF(K89="","",TEXT(K89, "YYYY-MMM")) -> 2024-Jul | N89: Net 30 | O89: =MAX(MAX($C$2:$C$801), MAX($E$2:$E$801)) -> 45868 | P89: =IF(K89="", O89-E89,0) -> 0 | Q89: =IF(H89="Paid","Paid", IF(P89<=0,"Current", IF(P89<=30,"1-30", IF(P89<=60,"31-60", IF(P89<=90,"61-90","90+"))))) -> Paid | R89: =IF(P89=0, "Not Due","Due") -> Not Due
A90: AP10088 | B90: TechMart | C90: 45737 | D90: =TEXT(C90,"MMM YYYY") -> Mar 2025 | E90: 45767 | F90: EUR | G90: 2180.47 | H90: Open | I90: =IF(H90="Paid",G90,0) -> 0 | J90: =IF(H90="Open",G90,IF(H90="Paid",0,"N/A")) -> 2180.47 | L90: =IF(H90="Paid",K90-C90,"") | M90: =IF(K90="","",TEXT(K90, "YYYY-MMM")) | N90: Net 30 | O90: =MAX(MAX($C$2:$C$801), MAX($E$2:$E$801)) -> 45868 | P90: =IF(K90="", O90-E90,0) -> 101 | Q90: =IF(H90="Paid","Paid", IF(P90<=0,"Current", IF(P90<=30,"1-30", IF(P90<=60,"31-60", IF(P90<=90,"61-90","90+"))))) -> 90+ | R90: =IF(P90=0, "Not Due","Due") -> Due
A91: AP10089 | B91: TechMart | C91: 45520 | D91: =TEXT(C91,"MMM YYYY") -> Aug 2024 | E91: 45550 | F91: GBP | G91: 417.82 | H91: Open | I91: =IF(H91="Paid",G91,0) -> 0 | J91: =IF(H91="Open",G91,IF(H91="Paid",0,"N/A")) -> 417.82 | L91: =IF(H91="Paid",K91-C91,"") | M91: =IF(K91="","",TEXT(K91, "YYYY-MMM")) | N91: Net 30 | O91: =MAX(MAX($C$2:$C$801), MAX($E$2:$E$801)) -> 45868 | P91: =IF(K91="", O91-E91,0) -> 318 | Q91: =IF(H91="Paid","Paid", IF(P91<=0,"Current", IF(P91<=30,"1-30", IF(P91<=60,"31-60", IF(P91<=90,"61-90","90+"))))) -> 90+ | R91: =IF(P91=0, "Not Due","Due") -> Due
A92: AP10090 | B92: TechMart | C92: 45403 | D92: =TEXT(C92,"MMM YYYY") -> Apr 2024 | E92: 45433 | F92: AUD | G92: 151.91 | H92: Partial | I92: =IF(H92="Paid",G92,0) -> 0 | J92: =IF(H92="Open",G92,IF(H92="Paid",0,"N/A")) -> N/A | L92: =IF(H92="Paid",K92-C92,"") | M92: =IF(K92="","",TEXT(K92, "YYYY-MMM")) | N92: Net 30 | O92: =MAX(MAX($C$2:$C$801), MAX($E$2:$E$801)) -> 45868 | P92: =IF(K92="", O92-E92,0) -> 435 | Q92: =IF(H92="Paid","Paid", IF(P92<=0,"Current", IF(P92<=30,"1-30", IF(P92<=60,"31-60", IF(P92<=90,"61-90","90+"))))) -> 90+ | R92: =IF(P92=0, "Not Due","Due") -> Due
A93: AP10091 | B93: TechMart | C93: 44966 | D93: =TEXT(C93,"MMM YYYY") -> Feb 2023 | E93: 44996 | F93: EUR | G93: 2389.36 | H93: Open | I93: =IF(H93="Paid",G93,0) -> 0 | J93: =IF(H93="Open",G93,IF(H93="Paid",0,"N/A")) -> 2389.36 | L93: =IF(H93="Paid",K93-C93,"") | M93: =IF(K93="","",TEXT(K93, "YYYY-MMM")) | N93: Net 30 | O93: =MAX(MAX($C$2:$C$801), MAX($E$2:$E$801)) -> 45868 | P93: =IF(K93="", O93-E93,0) -> 872 | Q93: =IF(H93="Paid","Paid", IF(P93<=0,"Current", IF(P93<=30,"1-30", IF(P93<=60,"31-60", IF(P93<=90,"61-90","90+"))))) -> 90+ | R93: =IF(P93=0, "Not Due","Due") -> Due
A94: AP10092 | B94: TechMart | C94: 45071 | D94: =TEXT(C94,"MMM YYYY") -> May 2023 | E94: 45101 | F94: AUD | G94: 2944.92 | H94: Open | I94: =IF(H94="Paid",G94,0) -> 0 | J94: =IF(H94="Open",G94,IF(H94="Paid",0,"N/A")) -> 2944.92 | L94: =IF(H94="Paid",K94-C94,"") | M94: =IF(K94="","",TEXT(K94, "YYYY-MMM")) | N94: Net 30 | O94: =MAX(MAX($C$2:$C$801), MAX($E$2:$E$801)) -> 45868 | P94: =IF(K94="", O94-E94,0) -> 767 | Q94: =IF(H94="Paid","Paid", IF(P94<=0,"Current", IF(P94<=30,"1-30", IF(P94<=60,"31-60", IF(P94<=90,"61-90","90+"))))) -> 90+ | R94: =IF(P94=0, "Not Due","Due") -> Due
A95: AP10093 | B95: Global Office | C95: 45227 | D95: =TEXT(C95,"MMM YYYY") -> Oct 2023 | E95: 45257 | F95: AUD | G95: 950.75 | H95: Open | I95: =IF(H95="Paid",G95,0) -> 0 | J95: =IF(H95="Open",G95,IF(H95="Paid",0,"N/A")) -> 950.75 | L95: =IF(H95="Paid",K95-C95,"") | M95: =IF(K95="","",TEXT(K95, "YYYY-MMM")) | N95: Net 30 | O95: =MAX(MAX($C$2:$C$801), MAX($E$2:$E$801)) -> 45868 | P95: =IF(K95="", O95-E95,0) -> 611 | Q95: =IF(H95="Paid","Paid", IF(P95<=0,"Current", IF(P95<=30,"1-30", IF(P95<=60,"31-60", IF(P95<=90,"61-90","90+"))))) -> 90+ | R95: =IF(P95=0, "Not Due","Due") -> Due
A96: AP10094 | B96: BluePrints | C96: 45088 | D96: =TEXT(C96,"MMM YYYY") -> Jun 2023 | E96: 45118 | F96: AUD | G96: 3026.49 | H96: Paid | I96: =IF(H96="Paid",G96,0) -> 3026.49 | J96: =IF(H96="Open",G96,IF(H96="Paid",0,"N/A")) -> 0 | K96: 45118 | L96: =IF(H96="Paid",K96-C96,"") -> 30 | M96: =IF(K96="","",TEXT(K96, "YYYY-MMM")) -> 2023-Jul | N96: Net 30 | O96: =MAX(MAX($C$2:$C$801), MAX($E$2:$E$801)) -> 45868 | P96: =IF(K96="", O96-E96,0) -> 0 | Q96: =IF(H96="Paid","Paid", IF(P96<=0,"Current", IF(P96<=30,"1-30", IF(P96<=60,"31-60", IF(P96<=90,"61-90","90+"))))) -> Paid | R96: =IF(P96=0, "Not Due","Due") -> Not Due
A97: AP10095 | B97: Fast Travel | C97: 45426 | D97: =TEXT(C97,"MMM YYYY") -> May 2024 | E97: 45456 | F97: CAD | G97: 3468.57 | H97: Open | I97: =IF(H97="Paid",G97,0) -> 0 | J97: =IF(H97="Open",G97,IF(H97="Paid",0,"N/A")) -> 3468.57 | L97: =IF(H97="Paid",K97-C97,"") | M97: =IF(K97="","",TEXT(K97, "YYYY-MMM")) | N97: Net 30 | O97: =MAX(MAX($C$2:$C$801), MAX($E$2:$E$801)) -> 45868 | P97: =IF(K97="", O97-E97,0) -> 412 | Q97: =IF(H97="Paid","Paid", IF(P97<=0,"Current", IF(P97<=30,"1-30", IF(P97<=60,"31-60", IF(P97<=90,"61-90","90+"))))) -> 90+ | R97: =IF(P97=0, "Not Due","Due") -> Due
A98: AP10096 | B98: Fast Travel | C98: 45442 | D98: =TEXT(C98,"MMM YYYY") -> May 2024 | E98: 45472 | F98: USD | G98: 2179.34 | H98: Paid | I98: =IF(H98="Paid",G98,0) -> 2179.34 | J98: =IF(H98="Open",G98,IF(H98="Paid",0,"N/A")) -> 0 | K98: 45472 | L98: =IF(H98="Paid",K98-C98,"") -> 30 | M98: =IF(K98="","",TEXT(K98, "YYYY-MMM")) -> 2024-Jun | N98: Net 30 | O98: =MAX(MAX($C$2:$C$801), MAX($E$2:$E$801)) -> 45868 | P98: =IF(K98="", O98-E98,0) -> 0 | Q98: =IF(H98="Paid","Paid", IF(P98<=0,"Current", IF(P98<=30,"1-30", IF(P98<=60,"31-60", IF(P98<=90,"61-90","90+"))))) -> Paid | R98: =IF(P98=0, "Not Due","Due") -> Not Due
A99: AP10097 | B99: ABC Supplies | C99: 45350 | D99: =TEXT(C99,"MMM YYYY") -> Feb 2024 | E99: 45380 | F99: CAD | G99: 2107.22 | H99: Open | I99: =IF(H99="Paid",G99,0) -> 0 | J99: =IF(H99="Open",G99,IF(H99="Paid",0,"N/A")) -> 2107.22 | L99: =IF(H99="Paid",K99-C99,"") | M99: =IF(K99="","",TEXT(K99, "YYYY-MMM")) | N99: Net 30 | O99: =MAX(MAX($C$2:$C$801), MAX($E$2:$E$801)) -> 45868 | P99: =IF(K99="", O99-E99,0) -> 488 | Q99: =IF(H99="Paid","Paid", IF(P99<=0,"Current", IF(P99<=30,"1-30", IF(P99<=60,"31-60", IF(P99<=90,"61-90","90+"))))) -> 90+ | R99: =IF(P99=0, "Not Due","Due") -> Due
A100: AP10098 | B100: Global Office | C100: 45568 | D100: =TEXT(C100,"MMM YYYY") -> Oct 2024 | E100: 45598 | F100: CAD | G100: 3255.44 | H100: Paid | I100: =IF(H100="Paid",G100,0) -> 3255.44 | J100: =IF(H100="Open",G100,IF(H100="Paid",0,"N/A")) -> 0 | K100: 45598 | L100: =IF(H100="Paid",K100-C100,"") -> 30 | M100: =IF(K100="","",TEXT(K100, "YYYY-MMM")) -> 2024-Nov | N100: Net 30 | O100: =MAX(MAX($C$2:$C$801), MAX($E$2:$E$801)) -> 45868 | P100: =IF(K100="", O100-E100,0) -> 0 | Q100: =IF(H100="Paid","Paid", IF(P100<=0,"Current", IF(P100<=30,"1-30", IF(P100<=60,"31-60", IF(P100<=90,"61-90","90+"))))) -> Paid | R100: =IF(P100=0, "Not Due","Due") -> Not Due
...

Sheet Raw Data
A1: APID | B1: Vendor | C1: InvoiceDate | D1: DueDate | E1: Amount | F1: Currency | G1: Currency Pair | H1: Invoice Amount (USD) | I1: Status | J1: Outstanding Amount (USD) | K1: PaidDate | L1: Terms
A2: AP10000 | B2: BluePrints | C2: 45642 | D2: 45672 | E2: 344.25 | F2: EUR | G2: ='Raw Data bck'!F2&"/USD" -> EUR/USD | H2: 400.84 | I2: Open | J2: =IF(I2="Open",H2,IF(I2="Paid",0,"N/A")) -> 400.84 | L2: Net 30
A3: AP10001 | B3: BluePrints | C3: 45430 | D3: 45460 | E3: 3298.38 | F3: CAD | G3: ='Raw Data bck'!F3&"/USD" -> CAD/USD | H3: 2381.43 | I3: Partial | J3: =IF(I3="Open",H3,IF(I3="Paid",0,"N/A")) -> N/A | L3: Net 30
A4: AP10002 | B4: Fast Travel | C4: 45347 | D4: 45377 | E4: 1023.43 | F4: GBP | G4: ='Raw Data bck'!F4&"/USD" -> GBP/USD | H4: 1390.64 | I4: Open | J4: =IF(I4="Open",H4,IF(I4="Paid",0,"N/A")) -> 1390.64 | L4: Net 30
A5: AP10003 | B5: ABC Supplies | C5: 45299 | D5: 45329 | E5: 4433.05 | F5: USD | G5: ='Raw Data bck'!F5&"/USD" -> USD/USD | H5: 4433.05 | I5: Partial | J5: =IF(I5="Open",H5,IF(I5="Paid",0,"N/A")) -> N/A | L5: Net 30
A6: AP10004 | B6: ABC Supplies | C6: 45435 | D6: 45465 | E6: 4345.14 | F6: GBP | G6: ='Raw Data bck'!F6&"/USD" -> GBP/USD | H6: 5904.18 | I6: Partial | J6: =IF(I6="Open",H6,IF(I6="Paid",0,"N/A")) -> N/A | L6: Net 30 | N6: Currencies | O6: Exchange Rate
A7: AP10005 | B7: Fast Travel | C7: 45482 | D7: 45512 | E7: 1599.18 | F7: AUD | G7: ='Raw Data bck'!F7&"/USD" -> AUD/USD | H7: 1150.93 | I7: Open | J7: =IF(I7="Open",H7,IF(I7="Paid",0,"N/A")) -> 1150.93 | L7: Net 30 | N7: EUR/USD | O7: 1.16
A8: AP10006 | B8: BluePrints | C8: 45646 | D8: 45676 | E8: 894.13 | F8: USD | G8: ='Raw Data bck'!F8&"/USD" -> USD/USD | H8: 894.13 | I8: Open | J8: =IF(I8="Open",H8,IF(I8="Paid",0,"N/A")) -> 894.13 | L8: Net 30 | N8: CAD/USD | O8: 0.72
A9: AP10007 | B9: Fast Travel | C9: 45560 | D9: 45590 | E9: 1303.06 | F9: GBP | G9: ='Raw Data bck'!F9&"/USD" -> GBP/USD | H9: 1770.6 | I9: Paid | J9: =IF(I9="Open",H9,IF(I9="Paid",0,"N/A")) -> 0 | K9: 45590 | L9: Net 30 | N9: GBP/USD | O9: 1.36
A10: AP10008 | B10: ABC Supplies | C10: 45334 | D10: 45364 | E10: 3481.8 | F10: CAD | G10: ='Raw Data bck'!F10&"/USD" -> CAD/USD | H10: 2513.86 | I10: Paid | J10: =IF(I10="Open",H10,IF(I10="Paid",0,"N/A")) -> 0 | K10: 45364 | L10: Net 30 | N10: AUD/USD | O10: 0.72
A11: AP10009 | B11: ABC Supplies | C11: 45470 | D11: 45500 | E11: 217.97 | F11: USD | G11: ='Raw Data bck'!F11&"/USD" -> USD/USD | H11: 217.97 | I11: Open | J11: =IF(I11="Open",H11,IF(I11="Paid",0,"N/A")) -> 217.97 | L11: Net 30
A12: AP10010 | B12: BluePrints | C12: 45360 | D12: 45390 | E12: 1809.07 | F12: EUR | G12: ='Raw Data bck'!F12&"/USD" -> EUR/USD | H12: 2106.48 | I12: Partial | J12: =IF(I12="Open",H12,IF(I12="Paid",0,"N/A")) -> N/A | L12: Net 30
A13: AP10011 | B13: BluePrints | C13: 45575 | D13: 45605 | E13: 884.1 | F13: USD | G13: ='Raw Data bck'!F13&"/USD" -> USD/USD | H13: 884.1 | I13: Open | J13: =IF(I13="Open",H13,IF(I13="Paid",0,"N/A")) -> 884.1 | L13: Net 30
A14: AP10012 | B14: ABC Supplies | C14: 45065 | D14: 45095 | E14: 1491.7 | F14: GBP | G14: ='Raw Data bck'!F14&"/USD" -> GBP/USD | H14: 2026.92 | I14: Open | J14: =IF(I14="Open",H14,IF(I14="Paid",0,"N/A")) -> 2026.92 | L14: Net 30
A15: AP10013 | B15: ABC Supplies | C15: 45249 | D15: 45279 | E15: 4212.17 | F15: AUD | G15: ='Raw Data bck'!F15&"/USD" -> AUD/USD | H15: 3031.5 | I15: Paid | J15: =IF(I15="Open",H15,IF(I15="Paid",0,"N/A")) -> 0 | K15: 45279 | L15: Net 30
A16: AP10014 | B16: BluePrints | C16: 45417 | D16: 45447 | E16: 1632.82 | F16: GBP | G16: ='Raw Data bck'!F16&"/USD" -> GBP/USD | H16: 2218.68 | I16: Open | J16: =IF(I16="Open",H16,IF(I16="Paid",0,"N/A")) -> 2218.68 | L16: Net 30
A17: AP10015 | B17: BluePrints | C17: 45081 | D17: 45111 | E17: 1887.67 | F17: EUR | G17: ='Raw Data bck'!F17&"/USD" -> EUR/USD | H17: 2198 | I17: Paid | J17: =IF(I17="Open",H17,IF(I17="Paid",0,"N/A")) -> 0 | K17: 45111 | L17: Net 30
A18: AP10016 | B18: BluePrints | C18: 45270 | D18: 45300 | E18: 1721.41 | F18: GBP | G18: ='Raw Data bck'!F18&"/USD" -> GBP/USD | H18: 2339.05 | I18: Open | J18: =IF(I18="Open",H18,IF(I18="Paid",0,"N/A")) -> 2339.05 | L18: Net 30
A19: AP10017 | B19: Global Office | C19: 45656 | D19: 45686 | E19: 2941.63 | F19: USD | G19: ='Raw Data bck'!F19&"/USD" -> USD/USD | H19: 2941.63 | I19: Open | J19: =IF(I19="Open",H19,IF(I19="Paid",0,"N/A")) -> 2941.63 | L19: Net 30
A20: AP10018 | B20: Fast Travel | C20: 45470 | D20: 45500 | E20: 889.44 | F20: USD | G20: ='Raw Data bck'!F20&"/USD" -> USD/USD | H20: 889.44 | I20: Paid | J20: =IF(I20="Open",H20,IF(I20="Paid",0,"N/A")) -> 0 | K20: 45500 | L20: Net 30
A21: AP10019 | B21: Fast Travel | C21: 45744 | D21: 45774 | E21: 1539.53 | F21: AUD | G21: ='Raw Data bck'!F21&"/USD" -> AUD/USD | H21: 1108 | I21: Partial | J21: =IF(I21="Open",H21,IF(I21="Paid",0,"N/A")) -> N/A | L21: Net 30
A22: AP10020 | B22: TechMart | C22: 45121 | D22: 45151 | E22: 996.27 | F22: AUD | G22: ='Raw Data bck'!F22&"/USD" -> AUD/USD | H22: 717.02 | I22: Open | J22: =IF(I22="Open",H22,IF(I22="Paid",0,"N/A")) -> 717.02 | L22: Net 30
A23: AP10021 | B23: TechMart | C23: 45105 | D23: 45135 | E23: 2450.1 | F23: CAD | G23: ='Raw Data bck'!F23&"/USD" -> CAD/USD | H23: 1768.97 | I23: Partial | J23: =IF(I23="Open",H23,IF(I23="Paid",0,"N/A")) -> N/A | L23: Net 30
A24: AP10022 | B24: Global Office | C24: 45653 | D24: 45683 | E24: 797.8 | F24: CAD | G24: ='Raw Data bck'!F24&"/USD" -> CAD/USD | H24: 576.01 | I24: Open | J24: =IF(I24="Open",H24,IF(I24="Paid",0,"N/A")) -> 576.01 | L24: Net 30
A25: AP10023 | B25: BluePrints | C25: 45062 | D25: 45092 | E25: 4237.65 | F25: GBP | G25: ='Raw Data bck'!F25&"/USD" -> GBP/USD | H25: 5758.12 | I25: Partial | J25: =IF(I25="Open",H25,IF(I25="Paid",0,"N/A")) -> N/A | L25: Net 30
A26: AP10024 | B26: Global Office | C26: 45199 | D26: 45229 | E26: 665.06 | F26: AUD | G26: ='Raw Data bck'!F26&"/USD" -> AUD/USD | H26: 478.64 | I26: Open | J26: =IF(I26="Open",H26,IF(I26="Paid",0,"N/A")) -> 478.64 | L26: Net 30
A27: AP10025 | B27: Global Office | C27: 45640 | D27: 45670 | E27: 3849.16 | F27: GBP | G27: ='Raw Data bck'!F27&"/USD" -> GBP/USD | H27: 5230.24 | I27: Partial | J27: =IF(I27="Open",H27,IF(I27="Paid",0,"N/A")) -> N/A | L27: Net 30
A28: AP10026 | B28: BluePrints | C28: 45124 | D28: 45154 | E28: 4411.88 | F28: CAD | G28: ='Raw Data bck'!F28&"/USD" -> CAD/USD | H28: 3185.38 | I28: Paid | J28: =IF(I28="Open",H28,IF(I28="Paid",0,"N/A")) -> 0 | K28: 45154 | L28: Net 30
A29: AP10027 | B29: Fast Travel | C29: 45376 | D29: 45406 | E29: 296.65 | F29: USD | G29: ='Raw Data bck'!F29&"/USD" -> USD/USD | H29: 296.65 | I29: Paid | J29: =IF(I29="Open",H29,IF(I29="Paid",0,"N/A")) -> 0 | K29: 45406 | L29: Net 30
A30: AP10028 | B30: TechMart | C30: 45593 | D30: 45623 | E30: 3099.8 | F30: GBP | G30: ='Raw Data bck'!F30&"/USD" -> GBP/USD | H30: 4212.01 | I30: Open | J30: =IF(I30="Open",H30,IF(I30="Paid",0,"N/A")) -> 4212.01 | L30: Net 30
A31: AP10029 | B31: Global Office | C31: 44991 | D31: 45021 | E31: 4007.29 | F31: CAD | G31: ='Raw Data bck'!F31&"/USD" -> CAD/USD | H31: 2893.26 | I31: Open | J31: =IF(I31="Open",H31,IF(I31="Paid",0,"N/A")) -> 2893.26 | L31: Net 30
A32: AP10030 | B32: Fast Travel | C32: 45335 | D32: 45365 | E32: 2884.32 | F32: CAD | G32: ='Raw Data bck'!F32&"/USD" -> CAD/USD | H32: 2082.48 | I32: Partial | J32: =IF(I32="Open",H32,IF(I32="Paid",0,"N/A")) -> N/A | L32: Net 30
A33: AP10031 | B33: Fast Travel | C33: 45000 | D33: 45030 | E33: 4830.24 | F33: EUR | G33: ='Raw Data bck'!F33&"/USD" -> EUR/USD | H33: 5624.33 | I33: Paid | J33: =IF(I33="Open",H33,IF(I33="Paid",0,"N/A")) -> 0 | K33: 45030 | L33: Net 30
A34: AP10032 | B34: Global Office | C34: 45210 | D34: 45240 | E34: 4841.22 | F34: USD | G34: ='Raw Data bck'!F34&"/USD" -> USD/USD | H34: 4841.22 | I34: Paid | J34: =IF(I34="Open",H34,IF(I34="Paid",0,"N/A")) -> 0 | K34: 45240 | L34: Net 30
A35: AP10033 | B35: ABC Supplies | C35: 45598 | D35: 45628 | E35: 3601.17 | F35: AUD | G35: ='Raw Data bck'!F35&"/USD" -> AUD/USD | H35: 2591.76 | I35: Open | J35: =IF(I35="Open",H35,IF(I35="Paid",0,"N/A")) -> 2591.76 | L35: Net 30
A36: AP10034 | B36: Fast Travel | C36: 45668 | D36: 45698 | E36: 3913.65 | F36: GBP | G36: ='Raw Data bck'!F36&"/USD" -> GBP/USD | H36: 5317.87 | I36: Paid | J36: =IF(I36="Open",H36,IF(I36="Paid",0,"N/A")) -> 0 | K36: 45698 | L36: Net 30
A37: AP10035 | B37: ABC Supplies | C37: 45025 | D37: 45055 | E37: 1117.52 | F37: CAD | G37: ='Raw Data bck'!F37&"/USD" -> CAD/USD | H37: 806.85 | I37: Open | J37: =IF(I37="Open",H37,IF(I37="Paid",0,"N/A")) -> 806.85 | L37: Net 30
A38: AP10036 | B38: BluePrints | C38: 45128 | D38: 45158 | E38: 4178.2 | F38: CAD | G38: ='Raw Data bck'!F38&"/USD" -> CAD/USD | H38: 3016.66 | I38: Partial | J38: =IF(I38="Open",H38,IF(I38="Paid",0,"N/A")) -> N/A | L38: Net 30
A39: AP10037 | B39: Global Office | C39: 45504 | D39: 45534 | E39: 504.02 | F39: USD | G39: ='Raw Data bck'!F39&"/USD" -> USD/USD | H39: 504.02 | I39: Partial | J39: =IF(I39="Open",H39,IF(I39="Paid",0,"N/A")) -> N/A | L39: Net 30
A40: AP10038 | B40: BluePrints | C40: 44934 | D40: 44964 | E40: 3156.05 | F40: GBP | G40: ='Raw Data bck'!F40&"/USD" -> GBP/USD | H40: 4288.44 | I40: Open | J40: =IF(I40="Open",H40,IF(I40="Paid",0,"N/A")) -> 4288.44 | L40: Net 30
A41: AP10039 | B41: Global Office | C41: 45108 | D41: 45138 | E41: 3284.77 | F41: EUR | G41: ='Raw Data bck'!F41&"/USD" -> EUR/USD | H41: 3824.79 | I41: Partial | J41: =IF(I41="Open",H41,IF(I41="Paid",0,"N/A")) -> N/A | L41: Net 30
A42: AP10040 | B42: Global Office | C42: 45801 | D42: 45831 | E42: 4519.76 | F42: USD | G42: ='Raw Data bck'!F42&"/USD" -> USD/USD | H42: 4519.76 | I42: Open | J42: =IF(I42="Open",H42,IF(I42="Paid",0,"N/A")) -> 4519.76 | L42: Net 30
A43: AP10041 | B43: BluePrints | C43: 45313 | D43: 45343 | E43: 4094.28 | F43: EUR | G43: ='Raw Data bck'!F43&"/USD" -> EUR/USD | H43: 4767.38 | I43: Partial | J43: =IF(I43="Open",H43,IF(I43="Paid",0,"N/A")) -> N/A | L43: Net 30
A44: AP10042 | B44: BluePrints | C44: 44967 | D44: 44997 | E44: 3097.79 | F44: EUR | G44: ='Raw Data bck'!F44&"/USD" -> EUR/USD | H44: 3607.07 | I44: Paid | J44: =IF(I44="Open",H44,IF(I44="Paid",0,"N/A")) -> 0 | K44: 44997 | L44: Net 30
A45: AP10043 | B45: Fast Travel | C45: 45809 | D45: 45839 | E45: 1415.24 | F45: AUD | G45: ='Raw Data bck'!F45&"/USD" -> AUD/USD | H45: 1018.55 | I45: Partial | J45: =IF(I45="Open",H45,IF(I45="Paid",0,"N/A")) -> N/A | L45: Net 30
A46: AP10044 | B46: BluePrints | C46: 45102 | D46: 45132 | E46: 3224.33 | F46: GBP | G46: ='Raw Data bck'!F46&"/USD" -> GBP/USD | H46: 4381.22 | I46: Partial | J46: =IF(I46="Open",H46,IF(I46="Paid",0,"N/A")) -> N/A | L46: Net 30
A47: AP10045 | B47: TechMart | C47: 45103 | D47: 45133 | E47: 1164.49 | F47: USD | G47: ='Raw Data bck'!F47&"/USD" -> USD/USD | H47: 1164.49 | I47: Partial | J47: =IF(I47="Open",H47,IF(I47="Paid",0,"N/A")) -> N/A | L47: Net 30
A48: AP10046 | B48: TechMart | C48: 45668 | D48: 45698 | E48: 2557.61 | F48: USD | G48: ='Raw Data bck'!F48&"/USD" -> USD/USD | H48: 2557.61 | I48: Paid | J48: =IF(I48="Open",H48,IF(I48="Paid",0,"N/A")) -> 0 | K48: 45698 | L48: Net 30
A49: AP10047 | B49: BluePrints | C49: 45682 | D49: 45712 | E49: 393.4 | F49: GBP | G49: ='Raw Data bck'!F49&"/USD" -> GBP/USD | H49: 534.55 | I49: Open | J49: =IF(I49="Open",H49,IF(I49="Paid",0,"N/A")) -> 534.55 | L49: Net 30
A50: AP10048 | B50: Global Office | C50: 45733 | D50: 45763 | E50: 2307.05 | F50: CAD | G50: ='Raw Data bck'!F50&"/USD" -> CAD/USD | H50: 1665.69 | I50: Paid | J50: =IF(I50="Open",H50,IF(I50="Paid",0,"N/A")) -> 0 | K50: 45763 | L50: Net 30
A51: AP10049 | B51: BluePrints | C51: 45197 | D51: 45227 | E51: 728.35 | F51: GBP | G51: ='Raw Data bck'!F51&"/USD" -> GBP/USD | H51: 989.68 | I51: Paid | J51: =IF(I51="Open",H51,IF(I51="Paid",0,"N/A")) -> 0 | K51: 45227 | L51: Net 30
A52: AP10050 | B52: Fast Travel | C52: 45801 | D52: 45831 | E52: 3580.44 | F52: GBP | G52: ='Raw Data bck'!F52&"/USD" -> GBP/USD | H52: 4865.1 | I52: Open | J52: =IF(I52="Open",H52,IF(I52="Paid",0,"N/A")) -> 4865.1 | L52: Net 30
A53: AP10051 | B53: BluePrints | C53: 45382 | D53: 45412 | E53: 1527.67 | F53: AUD | G53: ='Raw Data bck'!F53&"/USD" -> AUD/USD | H53: 1099.46 | I53: Paid | J53: =IF(I53="Open",H53,IF(I53="Paid",0,"N/A")) -> 0 | K53: 45412 | L53: Net 30
A54: AP10052 | B54: BluePrints | C54: 45039 | D54: 45069 | E54: 3014.35 | F54: CAD | G54: ='Raw Data bck'!F54&"/USD" -> CAD/USD | H54: 2176.36 | I54: Paid | J54: =IF(I54="Open",H54,IF(I54="Paid",0,"N/A")) -> 0 | K54: 45069 | L54: Net 30
A55: AP10053 | B55: ABC Supplies | C55: 45162 | D55: 45192 | E55: 3099.88 | F55: CAD | G55: ='Raw Data bck'!F55&"/USD" -> CAD/USD | H55: 2238.11 | I55: Partial | J55: =IF(I55="Open",H55,IF(I55="Paid",0,"N/A")) -> N/A | L55: Net 30
A56: AP10054 | B56: BluePrints | C56: 45055 | D56: 45085 | E56: 1484.54 | F56: AUD | G56: ='Raw Data bck'!F56&"/USD" -> AUD/USD | H56: 1068.42 | I56: Partial | J56: =IF(I56="Open",H56,IF(I56="Paid",0,"N/A")) -> N/A | L56: Net 30
A57: AP10055 | B57: TechMart | C57: 45279 | D57: 45309 | E57: 2922.4 | F57: AUD | G57: ='Raw Data bck'!F57&"/USD" -> AUD/USD | H57: 2103.25 | I57: Partial | J57: =IF(I57="Open",H57,IF(I57="Paid",0,"N/A")) -> N/A | L57: Net 30
A58: AP10056 | B58: Global Office | C58: 45238 | D58: 45268 | E58: 422.98 | F58: USD | G58: ='Raw Data bck'!F58&"/USD" -> USD/USD | H58: 422.98 | I58: Paid | J58: =IF(I58="Open",H58,IF(I58="Paid",0,"N/A")) -> 0 | K58: 45268 | L58: Net 30
A59: AP10057 | B59: BluePrints | C59: 44929 | D59: 44959 | E59: 2784.23 | F59: USD | G59: ='Raw Data bck'!F59&"/USD" -> USD/USD | H59: 2784.23 | I59: Partial | J59: =IF(I59="Open",H59,IF(I59="Paid",0,"N/A")) -> N/A | L59: Net 30
A60: AP10058 | B60: TechMart | C60: 45462 | D60: 45492 | E60: 2946.12 | F60: CAD | G60: ='Raw Data bck'!F60&"/USD" -> CAD/USD | H60: 2127.1 | I60: Open | J60: =IF(I60="Open",H60,IF(I60="Paid",0,"N/A")) -> 2127.1 | L60: Net 30
A61: AP10059 | B61: BluePrints | C61: 45725 | D61: 45755 | E61: 578.58 | F61: GBP | G61: ='Raw Data bck'!F61&"/USD" -> GBP/USD | H61: 786.17 | I61: Partial | J61: =IF(I61="Open",H61,IF(I61="Paid",0,"N/A")) -> N/A | L61: Net 30
A62: AP10060 | B62: BluePrints | C62: 45440 | D62: 45470 | E62: 3849.56 | F62: GBP | G62: ='Raw Data bck'!F62&"/USD" -> GBP/USD | H62: 5230.78 | I62: Paid | J62: =IF(I62="Open",H62,IF(I62="Paid",0,"N/A")) -> 0 | K62: 45470 | L62: Net 30
A63: AP10061 | B63: BluePrints | C63: 45408 | D63: 45438 | E63: 2055.53 | F63: CAD | G63: ='Raw Data bck'!F63&"/USD" -> CAD/USD | H63: 1484.09 | I63: Partial | J63: =IF(I63="Open",H63,IF(I63="Paid",0,"N/A")) -> N/A | L63: Net 30
A64: AP10062 | B64: ABC Supplies | C64: 44981 | D64: 45011 | E64: 2185.32 | F64: AUD | G64: ='Raw Data bck'!F64&"/USD" -> AUD/USD | H64: 1572.77 | I64: Paid | J64: =IF(I64="Open",H64,IF(I64="Paid",0,"N/A")) -> 0 | K64: 45011 | L64: Net 30
A65: AP10063 | B65: BluePrints | C65: 45703 | D65: 45733 | E65: 3382.98 | F65: GBP | G65: ='Raw Data bck'!F65&"/USD" -> GBP/USD | H65: 4596.79 | I65: Paid | J65: =IF(I65="Open",H65,IF(I65="Paid",0,"N/A")) -> 0 | K65: 45733 | L65: Net 30
A66: AP10064 | B66: Fast Travel | C66: 45404 | D66: 45434 | E66: 3571.55 | F66: GBP | G66: ='Raw Data bck'!F66&"/USD" -> GBP/USD | H66: 4853.02 | I66: Partial | J66: =IF(I66="Open",H66,IF(I66="Paid",0,"N/A")) -> N/A | L66: Net 30
A67: AP10065 | B67: ABC Supplies | C67: 45762 | D67: 45792 | E67: 2137.45 | F67: USD | G67: ='Raw Data bck'!F67&"/USD" -> USD/USD | H67: 2137.45 | I67: Open | J67: =IF(I67="Open",H67,IF(I67="Paid",0,"N/A")) -> 2137.45 | L67: Net 30
A68: AP10066 | B68: TechMart | C68: 45697 | D68: 45727 | E68: 3793.28 | F68: USD | G68: ='Raw Data bck'!F68&"/USD" -> USD/USD | H68: 3793.28 | I68: Paid | J68: =IF(I68="Open",H68,IF(I68="Paid",0,"N/A")) -> 0 | K68: 45727 | L68: Net 30
A69: AP10067 | B69: BluePrints | C69: 45660 | D69: 45690 | E69: 2973.27 | F69: CAD | G69: ='Raw Data bck'!F69&"/USD" -> CAD/USD | H69: 2146.7 | I69: Paid | J69: =IF(I69="Open",H69,IF(I69="Paid",0,"N/A")) -> 0 | K69: 45690 | L69: Net 30
A70: AP10068 | B70: BluePrints | C70: 45497 | D70: 45527 | E70: 4968.32 | F70: USD | G70: ='Raw Data bck'!F70&"/USD" -> USD/USD | H70: 4968.32 | I70: Open | J70: =IF(I70="Open",H70,IF(I70="Paid",0,"N/A")) -> 4968.32 | L70: Net 30
A71: AP10069 | B71: BluePrints | C71: 44958 | D71: 44988 | E71: 4336.91 | F71: USD | G71: ='Raw Data bck'!F71&"/USD" -> USD/USD | H71: 4336.91 | I71: Open | J71: =IF(I71="Open",H71,IF(I71="Paid",0,"N/A")) -> 4336.91 | L71: Net 30
A72: AP10070 | B72: TechMart | C72: 45629 | D72: 45659 | E72: 2479.95 | F72: USD | G72: ='Raw Data bck'!F72&"/USD" -> USD/USD | H72: 2479.95 | I72: Paid | J72: =IF(I72="Open",H72,IF(I72="Paid",0,"N/A")) -> 0 | K72: 45659 | L72: Net 30
A73: AP10071 | B73: TechMart | C73: 45821 | D73: 45851 | E73: 2498.69 | F73: USD | G73: ='Raw Data bck'!F73&"/USD" -> USD/USD | H73: 2498.69 | I73: Open | J73: =IF(I73="Open",H73,IF(I73="Paid",0,"N/A")) -> 2498.69 | L73: Net 30
A74: AP10072 | B74: Fast Travel | C74: 45597 | D74: 45627 | E74: 2106.66 | F74: CAD | G74: ='Raw Data bck'!F74&"/USD" -> CAD/USD | H74: 1521.01 | I74: Paid | J74: =IF(I74="Open",H74,IF(I74="Paid",0,"N/A")) -> 0 | K74: 45627 | L74: Net 30
A75: AP10073 | B75: BluePrints | C75: 45092 | D75: 45122 | E75: 2082.92 | F75: AUD | G75: ='Raw Data bck'!F75&"/USD" -> AUD/USD | H75: 1499.08 | I75: Partial | J75: =IF(I75="Open",H75,IF(I75="Paid",0,"N/A")) -> N/A | L75: Net 30
A76: AP10074 | B76: ABC Supplies | C76: 45187 | D76: 45217 | E76: 3536.09 | F76: USD | G76: ='Raw Data bck'!F76&"/USD" -> USD/USD | H76: 3536.09 | I76: Paid | J76: =IF(I76="Open",H76,IF(I76="Paid",0,"N/A")) -> 0 | K76: 45217 | L76: Net 30
A77: AP10075 | B77: BluePrints | C77: 45661 | D77: 45691 | E77: 3984.82 | F77: CAD | G77: ='Raw Data bck'!F77&"/USD" -> CAD/USD | H77: 2877.04 | I77: Open | J77: =IF(I77="Open",H77,IF(I77="Paid",0,"N/A")) -> 2877.04 | L77: Net 30
A78: AP10076 | B78: TechMart | C78: 45068 | D78: 45098 | E78: 1175.94 | F78: USD | G78: ='Raw Data bck'!F78&"/USD" -> USD/USD | H78: 1175.94 | I78: Partial | J78: =IF(I78="Open",H78,IF(I78="Paid",0,"N/A")) -> N/A | L78: Net 30
A79: AP10077 | B79: Global Office | C79: 45556 | D79: 45586 | E79: 1596.04 | F79: AUD | G79: ='Raw Data bck'!F79&"/USD" -> AUD/USD | H79: 1148.67 | I79: Paid | J79: =IF(I79="Open",H79,IF(I79="Paid",0,"N/A")) -> 0 | K79: 45586 | L79: Net 30
A80: AP10078 | B80: Global Office | C80: 45401 | D80: 45431 | E80: 1687.52 | F80: USD | G80: ='Raw Data bck'!F80&"/USD" -> USD/USD | H80: 1687.52 | I80: Paid | J80: =IF(I80="Open",H80,IF(I80="Paid",0,"N/A")) -> 0 | K80: 45431 | L80: Net 30
A81: AP10079 | B81: Global Office | C81: 45161 | D81: 45191 | E81: 1247.56 | F81: USD | G81: ='Raw Data bck'!F81&"/USD" -> USD/USD | H81: 1247.56 | I81: Paid | J81: =IF(I81="Open",H81,IF(I81="Paid",0,"N/A")) -> 0 | K81: 45191 | L81: Net 30
A82: AP10080 | B82: ABC Supplies | C82: 45811 | D82: 45841 | E82: 3330.96 | F82: AUD | G82: ='Raw Data bck'!F82&"/USD" -> AUD/USD | H82: 2397.29 | I82: Partial | J82: =IF(I82="Open",H82,IF(I82="Paid",0,"N/A")) -> N/A | L82: Net 30
A83: AP10081 | B83: TechMart | C83: 45561 | D83: 45591 | E83: 1612.59 | F83: EUR | G83: ='Raw Data bck'!F83&"/USD" -> EUR/USD | H83: 1877.7 | I83: Open | J83: =IF(I83="Open",H83,IF(I83="Paid",0,"N/A")) -> 1877.7 | L83: Net 30
A84: AP10082 | B84: Global Office | C84: 45458 | D84: 45488 | E84: 1096.08 | F84: CAD | G84: ='Raw Data bck'!F84&"/USD" -> CAD/USD | H84: 791.37 | I84: Partial | J84: =IF(I84="Open",H84,IF(I84="Paid",0,"N/A")) -> N/A | L84: Net 30
A85: AP10083 | B85: ABC Supplies | C85: 45423 | D85: 45453 | E85: 1927.05 | F85: USD | G85: ='Raw Data bck'!F85&"/USD" -> USD/USD | H85: 1927.05 | I85: Partial | J85: =IF(I85="Open",H85,IF(I85="Paid",0,"N/A")) -> N/A | L85: Net 30
A86: AP10084 | B86: ABC Supplies | C86: 45082 | D86: 45112 | E86: 1169.93 | F86: USD | G86: ='Raw Data bck'!F86&"/USD" -> USD/USD | H86: 1169.93 | I86: Open | J86: =IF(I86="Open",H86,IF(I86="Paid",0,"N/A")) -> 1169.93 | L86: Net 30
A87: AP10085 | B87: TechMart | C87: 45820 | D87: 45850 | E87: 662.31 | F87: GBP | G87: ='Raw Data bck'!F87&"/USD" -> GBP/USD | H87: 899.95 | I87: Open | J87: =IF(I87="Open",H87,IF(I87="Paid",0,"N/A")) -> 899.95 | L87: Net 30
A88: AP10086 | B88: TechMart | C88: 45111 | D88: 45141 | E88: 3443.5 | F88: CAD | G88: ='Raw Data bck'!F88&"/USD" -> CAD/USD | H88: 2486.21 | I88: Paid | J88: =IF(I88="Open",H88,IF(I88="Paid",0,"N/A")) -> 0 | K88: 45141 | L88: Net 30
A89: AP10087 | B89: TechMart | C89: 45456 | D89: 45486 | E89: 3290.86 | F89: CAD | G89: ='Raw Data bck'!F89&"/USD" -> CAD/USD | H89: 2376 | I89: Paid | J89: =IF(I89="Open",H89,IF(I89="Paid",0,"N/A")) -> 0 | K89: 45486 | L89: Net 30
A90: AP10088 | B90: TechMart | C90: 45737 | D90: 45767 | E90: 1872.61 | F90: EUR | G90: ='Raw Data bck'!F90&"/USD" -> EUR/USD | H90: 2180.47 | I90: Open | J90: =IF(I90="Open",H90,IF(I90="Paid",0,"N/A")) -> 2180.47 | L90: Net 30
A91: AP10089 | B91: TechMart | C91: 45520 | D91: 45550 | E91: 307.49 | F91: GBP | G91: ='Raw Data bck'!F91&"/USD" -> GBP/USD | H91: 417.82 | I91: Open | J91: =IF(I91="Open",H91,IF(I91="Paid",0,"N/A")) -> 417.82 | L91: Net 30
A92: AP10090 | B92: TechMart | C92: 45403 | D92: 45433 | E92: 211.08 | F92: AUD | G92: ='Raw Data bck'!F92&"/USD" -> AUD/USD | H92: 151.91 | I92: Partial | J92: =IF(I92="Open",H92,IF(I92="Paid",0,"N/A")) -> N/A | L92: Net 30
A93: AP10091 | B93: TechMart | C93: 44966 | D93: 44996 | E93: 2052.01 | F93: EUR | G93: ='Raw Data bck'!F93&"/USD" -> EUR/USD | H93: 2389.36 | I93: Open | J93: =IF(I93="Open",H93,IF(I93="Paid",0,"N/A")) -> 2389.36 | L93: Net 30
A94: AP10092 | B94: TechMart | C94: 45071 | D94: 45101 | E94: 4091.87 | F94: AUD | G94: ='Raw Data bck'!F94&"/USD" -> AUD/USD | H94: 2944.92 | I94: Open | J94: =IF(I94="Open",H94,IF(I94="Paid",0,"N/A")) -> 2944.92 | L94: Net 30
A95: AP10093 | B95: Global Office | C95: 45227 | D95: 45257 | E95: 1321.04 | F95: AUD | G95: ='Raw Data bck'!F95&"/USD" -> AUD/USD | H95: 950.75 | I95: Open | J95: =IF(I95="Open",H95,IF(I95="Paid",0,"N/A")) -> 950.75 | L95: Net 30
A96: AP10094 | B96: BluePrints | C96: 45088 | D96: 45118 | E96: 4205.21 | F96: AUD | G96: ='Raw Data bck'!F96&"/USD" -> AUD/USD | H96: 3026.49 | I96: Paid | J96: =IF(I96="Open",H96,IF(I96="Paid",0,"N/A")) -> 0 | K96: 45118 | L96: Net 30
A97: AP10095 | B97: Fast Travel | C97: 45426 | D97: 45456 | E97: 4804.12 | F97: CAD | G97: ='Raw Data bck'!F97&"/USD" -> CAD/USD | H97: 3468.57 | I97: Open | J97: =IF(I97="Open",H97,IF(I97="Paid",0,"N/A")) -> 3468.57 | L97: Net 30
A98: AP10096 | B98: Fast Travel | C98: 45442 | D98: 45472 | E98: 2179.34 | F98: USD | G98: ='Raw Data bck'!F98&"/USD" -> USD/USD | H98: 2179.34 | I98: Paid | J98: =IF(I98="Open",H98,IF(I98="Paid",0,"N/A")) -> 0 | K98: 45472 | L98: Net 30
A99: AP10097 | B99: ABC Supplies | C99: 45350 | D99: 45380 | E99: 2918.59 | F99: CAD | G99: ='Raw Data bck'!F99&"/USD" -> CAD/USD | H99: 2107.22 | I99: Open | J99: =IF(I99="Open",H99,IF(I99="Paid",0,"N/A")) -> 2107.22 | L99: Net 30
A100: AP10098 | B100: Global Office | C100: 45568 | D100: 45598 | E100: 4508.92 | F100: CAD | G100: ='Raw Data bck'!F100&"/USD" -> CAD/USD | H100: 3255.44 | I100: Paid | J100: =IF(I100="Open",H100,IF(I100="Paid",0,"N/A")) -> 0 | K100: 45598 | L100: Net 30
...

Sheet Raw Data bck
A1: APID | B1: Vendor | C1: InvoiceDate | D1: DueDate | E1: Amount | F1: Currency | G1: Status | H1: PaidDate | I1: Terms
A2: AP10000 | B2: BluePrints | C2: 45642 | D2: 45672 | E2: 344.25 | F2: EUR | G2: Open | I2: Net 30
A3: AP10001 | B3: BluePrints | C3: 45430 | D3: 45460 | E3: 3298.38 | F3: CAD | G3: Partial | I3: Net 30
A4: AP10002 | B4: Fast Travel | C4: 45347 | D4: 45377 | E4: 1023.43 | F4: GBP | G4: Open | I4: Net 30
A5: AP10003 | B5: ABC Supplies | C5: 45299 | D5: 45329 | E5: 4433.05 | F5: USD | G5: Partial | I5: Net 30
A6: AP10004 | B6: ABC Supplies | C6: 45435 | D6: 45465 | E6: 4345.14 | F6: GBP | G6: Partial | I6: Net 30
A7: AP10005 | B7: Fast Travel | C7: 45482 | D7: 45512 | E7: 1599.18 | F7: AUD | G7: Open | I7: Net 30
A8: AP10006 | B8: BluePrints | C8: 45646 | D8: 45676 | E8: 894.13 | F8: USD | G8: Open | I8: Net 30
A9: AP10007 | B9: Fast Travel | C9: 45560 | D9: 45590 | E9: 1303.06 | F9: GBP | G9: Paid | H9: 45590 | I9: Net 30
A10: AP10008 | B10: ABC Supplies | C10: 45334 | D10: 45364 | E10: 3481.8 | F10: CAD | G10: Paid | H10: 45364 | I10: Net 30
A11: AP10009 | B11: ABC Supplies | C11: 45470 | D11: 45500 | E11: 217.97 | F11: USD | G11: Open | I11: Net 30
A12: AP10010 | B12: BluePrints | C12: 45360 | D12: 45390 | E12: 1809.07 | F12: EUR | G12: Partial | I12: Net 30
A13: AP10011 | B13: BluePrints | C13: 45575 | D13: 45605 | E13: 884.1 | F13: USD | G13: Open | I13: Net 30
A14: AP10012 | B14: ABC Supplies | C14: 45065 | D14: 45095 | E14: 1491.7 | F14: GBP | G14: Open | I14: Net 30
A15: AP10013 | B15: ABC Supplies | C15: 45249 | D15: 45279 | E15: 4212.17 | F15: AUD | G15: Paid | H15: 45279 | I15: Net 30
A16: AP10014 | B16: BluePrints | C16: 45417 | D16: 45447 | E16: 1632.82 | F16: GBP | G16: Open | I16: Net 30
A17: AP10015 | B17: BluePrints | C17: 45081 | D17: 45111 | E17: 1887.67 | F17: EUR | G17: Paid | H17: 45111 | I17: Net 30
A18: AP10016 | B18: BluePrints | C18: 45270 | D18: 45300 | E18: 1721.41 | F18: GBP | G18: Open | I18: Net 30
A19: AP10017 | B19: Global Office | C19: 45656 | D19: 45686 | E19: 2941.63 | F19: USD | G19: Open | I19: Net 30
A20: AP10018 | B20: Fast Travel | C20: 45470 | D20: 45500 | E20: 889.44 | F20: USD | G20: Paid | H20: 45500 | I20: Net 30
A21: AP10019 | B21: Fast Travel | C21: 45744 | D21: 45774 | E21: 1539.53 | F21: AUD | G21: Partial | I21: Net 30
A22: AP10020 | B22: TechMart | C22: 45121 | D22: 45151 | E22: 996.27 | F22: AUD | G22: Open | I22: Net 30
A23: AP10021 | B23: TechMart | C23: 45105 | D23: 45135 | E23: 2450.1 | F23: CAD | G23: Partial | I23: Net 30
A24: AP10022 | B24: Global Office | C24: 45653 | D24: 45683 | E24: 797.8 | F24: CAD | G24: Open | I24: Net 30
A25: AP10023 | B25: BluePrints | C25: 45062 | D25: 45092 | E25: 4237.65 | F25: GBP | G25: Partial | I25: Net 30
A26: AP10024 | B26: Global Office | C26: 45199 | D26: 45229 | E26: 665.06 | F26: AUD | G26: Open | I26: Net 30
A27: AP10025 | B27: Global Office | C27: 45640 | D27: 45670 | E27: 3849.16 | F27: GBP | G27: Partial | I27: Net 30
A28: AP10026 | B28: BluePrints | C28: 45124 | D28: 45154 | E28: 4411.88 | F28: CAD | G28: Paid | H28: 45154 | I28: Net 30
A29: AP10027 | B29: Fast Travel | C29: 45376 | D29: 45406 | E29: 296.65 | F29: USD | G29: Paid | H29: 45406 | I29: Net 30
A30: AP10028 | B30: TechMart | C30: 45593 | D30: 45623 | E30: 3099.8 | F30: GBP | G30: Open | I30: Net 30
A31: AP10029 | B31: Global Office | C31: 44991 | D31: 45021 | E31: 4007.29 | F31: CAD | G31: Open | I31: Net 30
A32: AP10030 | B32: Fast Travel | C32: 45335 | D32: 45365 | E32: 2884.32 | F32: CAD | G32: Partial | I32: Net 30
A33: AP10031 | B33: Fast Travel | C33: 45000 | D33: 45030 | E33: 4830.24 | F33: EUR | G33: Paid | H33: 45030 | I33: Net 30
A34: AP10032 | B34: Global Office | C34: 45210 | D34: 45240 | E34: 4841.22 | F34: USD | G34: Paid | H34: 45240 | I34: Net 30
A35: AP10033 | B35: ABC Supplies | C35: 45598 | D35: 45628 | E35: 3601.17 | F35: AUD | G35: Open | I35: Net 30
A36: AP10034 | B36: Fast Travel | C36: 45668 | D36: 45698 | E36: 3913.65 | F36: GBP | G36: Paid | H36: 45698 | I36: Net 30
A37: AP10035 | B37: ABC Supplies | C37: 45025 | D37: 45055 | E37: 1117.52 | F37: CAD | G37: Open | I37: Net 30
A38: AP10036 | B38: BluePrints | C38: 45128 | D38: 45158 | E38: 4178.2 | F38: CAD | G38: Partial | I38: Net 30
A39: AP10037 | B39: Global Office | C39: 45504 | D39: 45534 | E39: 504.02 | F39: USD | G39: Partial | I39: Net 30
A40: AP10038 | B40: BluePrints | C40: 44934 | D40: 44964 | E40: 3156.05 | F40: GBP | G40: Open | I40: Net 30
A41: AP10039 | B41: Global Office | C41: 45108 | D41: 45138 | E41: 3284.77 | F41: EUR | G41: Partial | I41: Net 30
A42: AP10040 | B42: Global Office | C42: 45801 | D42: 45831 | E42: 4519.76 | F42: USD | G42: Open | I42: Net 30
A43: AP10041 | B43: BluePrints | C43: 45313 | D43: 45343 | E43: 4094.28 | F43: EUR | G43: Partial | I43: Net 30
A44: AP10042 | B44: BluePrints | C44: 44967 | D44: 44997 | E44: 3097.79 | F44: EUR | G44: Paid | H44: 44997 | I44: Net 30
A45: AP10043 | B45: Fast Travel | C45: 45809 | D45: 45839 | E45: 1415.24 | F45: AUD | G45: Partial | I45: Net 30
A46: AP10044 | B46: BluePrints | C46: 45102 | D46: 45132 | E46: 3224.33 | F46: GBP | G46: Partial | I46: Net 30
A47: AP10045 | B47: TechMart | C47: 45103 | D47: 45133 | E47: 1164.49 | F47: USD | G47: Partial | I47: Net 30
A48: AP10046 | B48: TechMart | C48: 45668 | D48: 45698 | E48: 2557.61 | F48: USD | G48: Paid | H48: 45698 | I48: Net 30
A49: AP10047 | B49: BluePrints | C49: 45682 | D49: 45712 | E49: 393.4 | F49: GBP | G49: Open | I49: Net 30
A50: AP10048 | B50: Global Office | C50: 45733 | D50: 45763 | E50: 2307.05 | F50: CAD | G50: Paid | H50: 45763 | I50: Net 30
A51: AP10049 | B51: BluePrints | C51: 45197 | D51: 45227 | E51: 728.35 | F51: GBP | G51: Paid | H51: 45227 | I51: Net 30
A52: AP10050 | B52: Fast Travel | C52: 45801 | D52: 45831 | E52: 3580.44 | F52: GBP | G52: Open | I52: Net 30
A53: AP10051 | B53: BluePrints | C53: 45382 | D53: 45412 | E53: 1527.67 | F53: AUD | G53: Paid | H53: 45412 | I53: Net 30
A54: AP10052 | B54: BluePrints | C54: 45039 | D54: 45069 | E54: 3014.35 | F54: CAD | G54: Paid | H54: 45069 | I54: Net 30
A55: AP10053 | B55: ABC Supplies | C55: 45162 | D55: 45192 | E55: 3099.88 | F55: CAD | G55: Partial | I55: Net 30
A56: AP10054 | B56: BluePrints | C56: 45055 | D56: 45085 | E56: 1484.54 | F56: AUD | G56: Partial | I56: Net 30
A57: AP10055 | B57: TechMart | C57: 45279 | D57: 45309 | E57: 2922.4 | F57: AUD | G57: Partial | I57: Net 30
A58: AP10056 | B58: Global Office | C58: 45238 | D58: 45268 | E58: 422.98 | F58: USD | G58: Paid | H58: 45268 | I58: Net 30
A59: AP10057 | B59: BluePrints | C59: 44929 | D59: 44959 | E59: 2784.23 | F59: USD | G59: Partial | I59: Net 30
A60: AP10058 | B60: TechMart | C60: 45462 | D60: 45492 | E60: 2946.12 | F60: CAD | G60: Open | I60: Net 30
A61: AP10059 | B61: BluePrints | C61: 45725 | D61: 45755 | E61: 578.58 | F61: GBP | G61: Partial | I61: Net 30
A62: AP10060 | B62: BluePrints | C62: 45440 | D62: 45470 | E62: 3849.56 | F62: GBP | G62: Paid | H62: 45470 | I62: Net 30
A63: AP10061 | B63: BluePrints | C63: 45408 | D63: 45438 | E63: 2055.53 | F63: CAD | G63: Partial | I63: Net 30
A64: AP10062 | B64: ABC Supplies | C64: 44981 | D64: 45011 | E64: 2185.32 | F64: AUD | G64: Paid | H64: 45011 | I64: Net 30
A65: AP10063 | B65: BluePrints | C65: 45703 | D65: 45733 | E65: 3382.98 | F65: GBP | G65: Paid | H65: 45733 | I65: Net 30
A66: AP10064 | B66: Fast Travel | C66: 45404 | D66: 45434 | E66: 3571.55 | F66: GBP | G66: Partial | I66: Net 30
A67: AP10065 | B67: ABC Supplies | C67: 45762 | D67: 45792 | E67: 2137.45 | F67: USD | G67: Open | I67: Net 30
A68: AP10066 | B68: TechMart | C68: 45697 | D68: 45727 | E68: 3793.28 | F68: USD | G68: Paid | H68: 45727 | I68: Net 30
A69: AP10067 | B69: BluePrints | C69: 45660 | D69: 45690 | E69: 2973.27 | F69: CAD | G69: Paid | H69: 45690 | I69: Net 30
A70: AP10068 | B70: BluePrints | C70: 45497 | D70: 45527 | E70: 4968.32 | F70: USD | G70: Open | I70: Net 30
A71: AP10069 | B71: BluePrints | C71: 44958 | D71: 44988 | E71: 4336.91 | F71: USD | G71: Open | I71: Net 30
A72: AP10070 | B72: TechMart | C72: 45629 | D72: 45659 | E72: 2479.95 | F72: USD | G72: Paid | H72: 45659 | I72: Net 30
A73: AP10071 | B73: TechMart | C73: 45821 | D73: 45851 | E73: 2498.69 | F73: USD | G73: Open | I73: Net 30
A74: AP10072 | B74: Fast Travel | C74: 45597 | D74: 45627 | E74: 2106.66 | F74: CAD | G74: Paid | H74: 45627 | I74: Net 30
A75: AP10073 | B75: BluePrints | C75: 45092 | D75: 45122 | E75: 2082.92 | F75: AUD | G75: Partial | I75: Net 30
A76: AP10074 | B76: ABC Supplies | C76: 45187 | D76: 45217 | E76: 3536.09 | F76: USD | G76: Paid | H76: 45217 | I76: Net 30
A77: AP10075 | B77: BluePrints | C77: 45661 | D77: 45691 | E77: 3984.82 | F77: CAD | G77: Open | I77: Net 30
A78: AP10076 | B78: TechMart | C78: 45068 | D78: 45098 | E78: 1175.94 | F78: USD | G78: Partial | I78: Net 30
A79: AP10077 | B79: Global Office | C79: 45556 | D79: 45586 | E79: 1596.04 | F79: AUD | G79: Paid | H79: 45586 | I79: Net 30
A80: AP10078 | B80: Global Office | C80: 45401 | D80: 45431 | E80: 1687.52 | F80: USD | G80: Paid | H80: 45431 | I80: Net 30
A81: AP10079 | B81: Global Office | C81: 45161 | D81: 45191 | E81: 1247.56 | F81: USD | G81: Paid | H81: 45191 | I81: Net 30
A82: AP10080 | B82: ABC Supplies | C82: 45811 | D82: 45841 | E82: 3330.96 | F82: AUD | G82: Partial | I82: Net 30
A83: AP10081 | B83: TechMart | C83: 45561 | D83: 45591 | E83: 1612.59 | F83: EUR | G83: Open | I83: Net 30
A84: AP10082 | B84: Global Office | C84: 45458 | D84: 45488 | E84: 1096.08 | F84: CAD | G84: Partial | I84: Net 30
A85: AP10083 | B85: ABC Supplies | C85: 45423 | D85: 45453 | E85: 1927.05 | F85: USD | G85: Partial | I85: Net 30
A86: AP10084 | B86: ABC Supplies | C86: 45082 | D86: 45112 | E86: 1169.93 | F86: USD | G86: Open | I86: Net 30
A87: AP10085 | B87: TechMart | C87: 45820 | D87: 45850 | E87: 662.31 | F87: GBP | G87: Open | I87: Net 30
A88: AP10086 | B88: TechMart | C88: 45111 | D88: 45141 | E88: 3443.5 | F88: CAD | G88: Paid | H88: 45141 | I88: Net 30
A89: AP10087 | B89: TechMart | C89: 45456 | D89: 45486 | E89: 3290.86 | F89: CAD | G89: Paid | H89: 45486 | I89: Net 30
A90: AP10088 | B90: TechMart | C90: 45737 | D90: 45767 | E90: 1872.61 | F90: EUR | G90: Open | I90: Net 30
A91: AP10089 | B91: TechMart | C91: 45520 | D91: 45550 | E91: 307.49 | F91: GBP | G91: Open | I91: Net 30
A92: AP10090 | B92: TechMart | C92: 45403 | D92: 45433 | E92: 211.08 | F92: AUD | G92: Partial | I92: Net 30
A93: AP10091 | B93: TechMart | C93: 44966 | D93: 44996 | E93: 2052.01 | F93: EUR | G93: Open | I93: Net 30
A94: AP10092 | B94: TechMart | C94: 45071 | D94: 45101 | E94: 4091.87 | F94: AUD | G94: Open | I94: Net 30
A95: AP10093 | B95: Global Office | C95: 45227 | D95: 45257 | E95: 1321.04 | F95: AUD | G95: Open | I95: Net 30
A96: AP10094 | B96: BluePrints | C96: 45088 | D96: 45118 | E96: 4205.21 | F96: AUD | G96: Paid | H96: 45118 | I96: Net 30
A97: AP10095 | B97: Fast Travel | C97: 45426 | D97: 45456 | E97: 4804.12 | F97: CAD | G97: Open | I97: Net 30
A98: AP10096 | B98: Fast Travel | C98: 45442 | D98: 45472 | E98: 2179.34 | F98: USD | G98: Paid | H98: 45472 | I98: Net 30
A99: AP10097 | B99: ABC Supplies | C99: 45350 | D99: 45380 | E99: 2918.59 | F99: CAD | G99: Open | I99: Net 30
A100: AP10098 | B100: Global Office | C100: 45568 | D100: 45598 | E100: 4508.92 | F100: CAD | G100: Paid | H100: 45598 | I100: Net 30
...
